SWNO,min_date,max_date,years,months
1102,2024-01-01 00:00:00+00:00,2025-04-02 23:45:00+00:00,"[np.int32(2024), np.int32(2025)]","[np.int32(1), np.int32(2), np.int32(3), np.int32(4), np.int32(5), np.int32(6), np.int32(7), np.int32(8), np.int32(9), np.int32(10), np.int32(11), np.int32(12)]"
1103,2024-01-01 00:00:00+00:00,2025-04-02 23:45:00+00:00,"[np.int32(2024), np.int32(2025)]","[np.int32(1), np.int32(2), np.int32(3), np.int32(4), np.int32(5), np.int32(6), np.int32(7), np.int32(8), np.int32(9), np.int32(10), np.int32(11), np.int32(12)]"
1128,2024-01-01 00:00:00+00:00,2025-04-02 23:45:00+00:00,"[np.int32(2024), np.int32(2025)]","[np.int32(1), np.int32(2), np.int32(3), np.int32(4), np.int32(5), np.int32(6), np.int32(7), np.int32(8), np.int32(9), np.int32(10), np.int32(11), np.int32(12)]"
1129,2024-01-01 00:00:00+00:00,2025-04-02 23:45:00+00:00,"[np.int32(2024), np.int32(2025)]","[np.int32(1), np.int32(2), np.int32(3), np.int32(4), np.int32(5), np.int32(6), np.int32(7), np.int32(8), np.int32(9), np.int32(10), np.int32(11), np.int32(12)]"
1133,2024-01-01 00:00:00+00:00,2025-04-02 23:45:00+00:00,"[np.int32(2024), np.int32(2025)]","[np.int32(1), np.int32(2), np.int32(3), np.int32(4), np.int32(5), np.int32(6), np.int32(7), np.int32(8), np.int32(9), np.int32(10), np.int32(11), np.int32(12)]"
1135,2024-01-01 00:00:00+00:00,2025-04-02 23:45:00+00:00,"[np.int32(2024), np.int32(2025)]","[np.int32(1), np.int32(2), np.int32(3), np.int32(4), np.int32(5), np.int32(6), np.int32(7), np.int32(8), np.int32(9), np.int32(10), np.int32(11), np.int32(12)]"
1143,2024-01-01 00:00:00+00:00,2025-04-02 23:45:00+00:00,"[np.int32(2024), np.int32(2025)]","[np.int32(1), np.int32(2), np.int32(3), np.int32(4), np.int32(5), np.int32(6), np.int32(7), np.int32(8), np.int32(9), np.int32(10), np.int32(11), np.int32(12)]"
1151,2024-01-01 00:00:00+00:00,2025-04-02 23:45:00+00:00,"[np.int32(2024), np.int32(2025)]","[np.int32(1), np.int32(2), np.int32(3), np.int32(4), np.int32(5), np.int32(6), np.int32(7), np.int32(8), np.int32(9), np.int32(10), np.int32(11), np.int32(12)]"
1159,2024-01-01 00:00:00+00:00,2025-04-02 23:45:00+00:00,"[np.int32(2024), np.int32(2025)]","[np.int32(1), np.int32(2), np.int32(3), np.int32(4), np.int32(5), np.int32(6), np.int32(7), np.int32(8), np.int32(9), np.int32(10), np.int32(11), np.int32(12)]"
1163,2024-01-01 00:00:00+00:00,2025-04-02 23:45:00+00:00,"[np.int32(2024), np.int32(2025)]","[np.int32(1), np.int32(2), np.int32(3), np.int32(4), np.int32(5), np.int32(6), np.int32(7), np.int32(8), np.int32(9), np.int32(10), np.int32(11), np.int32(12)]"
1171,2024-01-01 00:00:00+00:00,2025-04-02 23:45:00+00:00,"[np.int32(2024), np.int32(2025)]","[np.int32(1), np.int32(2), np.int32(3), np.int32(4), np.int32(5), np.int32(6), np.int32(7), np.int32(8), np.int32(9), np.int32(10), np.int32(11), np.int32(12)]"
1175,2024-01-01 00:00:00+00:00,2025-04-18 23:45:00+00:00,"[np.int32(2024), np.int32(2025)]","[np.int32(1), np.int32(2), np.int32(3), np.int32(4), np.int32(5), np.int32(6), np.int32(7), np.int32(8), np.int32(9), np.int32(10), np.int32(11), np.int32(12)]"
1192,2024-01-01 00:00:00+00:00,2025-04-02 23:45:00+00:00,"[np.int32(2024), np.int32(2025)]","[np.int32(1), np.int32(2), np.int32(3), np.int32(4), np.int32(5), np.int32(6), np.int32(7), np.int32(8), np.int32(9), np.int32(10), np.int32(11), np.int32(12)]"
1193,2024-01-01 00:00:00+00:00,2025-04-02 23:45:00+00:00,"[np.int32(2024), np.int32(2025)]","[np.int32(1), np.int32(2), np.int32(3), np.int32(4), np.int32(5), np.int32(6), np.int32(7), np.int32(8), np.int32(9), np.int32(10), np.int32(11), np.int32(12)]"
1285,2024-01-01 00:00:00+00:00,2025-04-18 23:45:00+00:00,"[np.int32(2024), np.int32(2025)]","[np.int32(1), np.int32(2), np.int32(3), np.int32(4), np.int32(5), np.int32(6), np.int32(7), np.int32(8), np.int32(9), np.int32(10), np.int32(11), np.int32(12)]"
1289,2024-01-01 00:00:00+00:00,2025-04-02 23:45:00+00:00,"[np.int32(2024), np.int32(2025)]","[np.int32(1), np.int32(2), np.int32(3), np.int32(4), np.int32(5), np.int32(6), np.int32(7), np.int32(8), np.int32(9), np.int32(10), np.int32(11), np.int32(12)]"
22001,2024-01-01 00:00:00+00:00,2025-04-02 23:45:00+00:00,"[np.int32(2024), np.int32(2025)]","[np.int32(1), np.int32(2), np.int32(3), np.int32(4), np.int32(5), np.int32(6), np.int32(7), np.int32(8), np.int32(9), np.int32(10), np.int32(11), np.int32(12)]"
33001,2024-01-01 00:00:00+00:00,2025-04-18 23:45:00+00:00,"[np.int32(2024), np.int32(2025)]","[np.int32(1), np.int32(2), np.int32(3), np.int32(4), np.int32(5), np.int32(6), np.int32(7), np.int32(8), np.int32(9), np.int32(10), np.int32(11), np.int32(12)]"
33002,2024-01-01 00:00:00+00:00,2025-04-18 23:45:00+00:00,"[np.int32(2024), np.int32(2025)]","[np.int32(1), np.int32(2), np.int32(3), np.int32(4), np.int32(5), np.int32(6), np.int32(7), np.int32(8), np.int32(9), np.int32(10), np.int32(11), np.int32(12)]"
33003,2024-01-01 00:00:00+00:00,2025-04-18 23:45:00+00:00,"[np.int32(2024), np.int32(2025)]","[np.int32(1), np.int32(2), np.int32(3), np.int32(4), np.int32(5), np.int32(6), np.int32(7), np.int32(8), np.int32(9), np.int32(10), np.int32(11), np.int32(12)]"
33004,2024-01-01 00:00:00+00:00,2025-04-18 23:45:00+00:00,"[np.int32(2024), np.int32(2025)]","[np.int32(1), np.int32(2), np.int32(3), np.int32(4), np.int32(5), np.int32(6), np.int32(7), np.int32(8), np.int32(9), np.int32(10), np.int32(11), np.int32(12)]"
33006,2024-01-01 00:00:00+00:00,2025-04-18 23:45:00+00:00,"[np.int32(2024), np.int32(2025)]","[np.int32(1), np.int32(2), np.int32(3), np.int32(4), np.int32(5), np.int32(6), np.int32(7), np.int32(8), np.int32(9), np.int32(10), np.int32(11), np.int32(12)]"
33008,2024-01-01 00:00:00+00:00,2025-04-18 23:45:00+00:00,"[np.int32(2024), np.int32(2025)]","[np.int32(1), np.int32(2), np.int32(3), np.int32(4), np.int32(5), np.int32(6), np.int32(7), np.int32(8), np.int32(9), np.int32(10), np.int32(11), np.int32(12)]"
33009,2024-01-01 00:00:00+00:00,2025-04-18 23:45:00+00:00,"[np.int32(2024), np.int32(2025)]","[np.int32(1), np.int32(2), np.int32(3), np.int32(4), np.int32(5), np.int32(6), np.int32(7), np.int32(8), np.int32(9), np.int32(10), np.int32(11), np.int32(12)]"
33010,2024-01-01 00:00:00+00:00,2025-04-18 23:45:00+00:00,"[np.int32(2024), np.int32(2025)]","[np.int32(1), np.int32(2), np.int32(3), np.int32(4), np.int32(5), np.int32(6), np.int32(7), np.int32(8), np.int32(9), np.int32(10), np.int32(11), np.int32(12)]"
33011,2024-01-01 00:00:00+00:00,2025-04-18 23:45:00+00:00,"[np.int32(2024), np.int32(2025)]","[np.int32(1), np.int32(2), np.int32(3), np.int32(4), np.int32(5), np.int32(6), np.int32(7), np.int32(8), np.int32(9), np.int32(10), np.int32(11), np.int32(12)]"
33012,2024-01-01 00:00:00+00:00,2025-04-02 23:45:00+00:00,"[np.int32(2024), np.int32(2025)]","[np.int32(1), np.int32(2), np.int32(3), np.int32(4), np.int32(5), np.int32(6), np.int32(7), np.int32(8), np.int32(9), np.int32(10), np.int32(11), np.int32(12)]"
33015,2024-01-01 00:00:00+00:00,2025-04-18 23:45:00+00:00,"[np.int32(2024), np.int32(2025)]","[np.int32(1), np.int32(2), np.int32(3), np.int32(4), np.int32(5), np.int32(6), np.int32(7), np.int32(8), np.int32(9), np.int32(10), np.int32(11), np.int32(12)]"
33018,2024-01-01 00:00:00+00:00,2025-04-18 23:45:00+00:00,"[np.int32(2024), np.int32(2025)]","[np.int32(1), np.int32(2), np.int32(3), np.int32(4), np.int32(5), np.int32(6), np.int32(7), np.int32(8), np.int32(9), np.int32(10), np.int32(11), np.int32(12)]"
33019,2024-01-01 00:00:00+00:00,2025-04-18 23:45:00+00:00,"[np.int32(2024), np.int32(2025)]","[np.int32(1), np.int32(2), np.int32(3), np.int32(4), np.int32(5), np.int32(6), np.int32(7), np.int32(8), np.int32(9), np.int32(10), np.int32(11), np.int32(12)]"
33020,2024-01-01 00:00:00+00:00,2025-04-18 23:45:00+00:00,"[np.int32(2024), np.int32(2025)]","[np.int32(1), np.int32(2), np.int32(3), np.int32(4), np.int32(5), np.int32(6), np.int32(7), np.int32(8), np.int32(9), np.int32(10), np.int32(11), np.int32(12)]"
33021,2024-01-01 00:00:00+00:00,2025-04-18 23:45:00+00:00,"[np.int32(2024), np.int32(2025)]","[np.int32(1), np.int32(2), np.int32(3), np.int32(4), np.int32(5), np.int32(6), np.int32(7), np.int32(8), np.int32(9), np.int32(10), np.int32(11), np.int32(12)]"
33022,2024-01-01 00:00:00+00:00,2025-04-18 23:45:00+00:00,"[np.int32(2024), np.int32(2025)]","[np.int32(1), np.int32(2), np.int32(3), np.int32(4), np.int32(5), np.int32(6), np.int32(7), np.int32(8), np.int32(9), np.int32(10), np.int32(11), np.int32(12)]"
33024,2024-01-01 00:00:00+00:00,2025-04-18 23:45:00+00:00,"[np.int32(2024), np.int32(2025)]","[np.int32(1), np.int32(2), np.int32(3), np.int32(4), np.int32(5), np.int32(6), np.int32(7), np.int32(8), np.int32(9), np.int32(10), np.int32(11), np.int32(12)]"
33026,2024-01-01 00:00:00+00:00,2025-04-18 23:45:00+00:00,"[np.int32(2024), np.int32(2025)]","[np.int32(1), np.int32(2), np.int32(3), np.int32(4), np.int32(5), np.int32(6), np.int32(7), np.int32(8), np.int32(9), np.int32(10), np.int32(11), np.int32(12)]"
33027,2024-01-01 00:00:00+00:00,2025-04-18 23:45:00+00:00,"[np.int32(2024), np.int32(2025)]","[np.int32(1), np.int32(2), np.int32(3), np.int32(4), np.int32(5), np.int32(6), np.int32(7), np.int32(8), np.int32(9), np.int32(10), np.int32(11), np.int32(12)]"
33030,2024-01-01 00:00:00+00:00,2025-04-18 23:45:00+00:00,"[np.int32(2024), np.int32(2025)]","[np.int32(1), np.int32(2), np.int32(3), np.int32(4), np.int32(5), np.int32(6), np.int32(7), np.int32(8), np.int32(9), np.int32(10), np.int32(11), np.int32(12)]"
33031,2024-01-01 00:00:00+00:00,2025-04-18 23:45:00+00:00,"[np.int32(2024), np.int32(2025)]","[np.int32(1), np.int32(2), np.int32(3), np.int32(4), np.int32(5), np.int32(6), np.int32(7), np.int32(8), np.int32(9), np.int32(10), np.int32(11), np.int32(12)]"
33032,2024-01-01 00:00:00+00:00,2025-04-18 23:45:00+00:00,"[np.int32(2024), np.int32(2025)]","[np.int32(1), np.int32(2), np.int32(3), np.int32(4), np.int32(5), np.int32(6), np.int32(7), np.int32(8), np.int32(9), np.int32(10), np.int32(11), np.int32(12)]"
33035,2024-01-01 00:00:00+00:00,2025-04-18 23:45:00+00:00,"[np.int32(2024), np.int32(2025)]","[np.int32(1), np.int32(2), np.int32(3), np.int32(4), np.int32(5), np.int32(6), np.int32(7), np.int32(8), np.int32(9), np.int32(10), np.int32(11), np.int32(12)]"
33036,2024-01-01 00:00:00+00:00,2025-04-18 23:45:00+00:00,"[np.int32(2024), np.int32(2025)]","[np.int32(1), np.int32(2), np.int32(3), np.int32(4), np.int32(5), np.int32(6), np.int32(7), np.int32(8), np.int32(9), np.int32(10), np.int32(11), np.int32(12)]"
33037,2024-01-01 00:00:00+00:00,2025-04-18 23:45:00+00:00,"[np.int32(2024), np.int32(2025)]","[np.int32(1), np.int32(2), np.int32(3), np.int32(4), np.int32(5), np.int32(6), np.int32(7), np.int32(8), np.int32(9), np.int32(10), np.int32(11), np.int32(12)]"
33038,2024-01-01 00:00:00+00:00,2025-04-18 23:45:00+00:00,"[np.int32(2024), np.int32(2025)]","[np.int32(1), np.int32(2), np.int32(3), np.int32(4), np.int32(5), np.int32(6), np.int32(7), np.int32(8), np.int32(9), np.int32(10), np.int32(11), np.int32(12)]"
33039,2024-01-01 00:00:00+00:00,2025-04-18 23:45:00+00:00,"[np.int32(2024), np.int32(2025)]","[np.int32(1), np.int32(2), np.int32(3), np.int32(4), np.int32(5), np.int32(6), np.int32(7), np.int32(8), np.int32(9), np.int32(10), np.int32(11), np.int32(12)]"
33040,2024-01-01 00:00:00+00:00,2025-04-18 23:45:00+00:00,"[np.int32(2024), np.int32(2025)]","[np.int32(1), np.int32(2), np.int32(3), np.int32(4), np.int32(5), np.int32(6), np.int32(7), np.int32(8), np.int32(9), np.int32(10), np.int32(11), np.int32(12)]"
33041,2024-01-01 00:00:00+00:00,2025-04-18 23:45:00+00:00,"[np.int32(2024), np.int32(2025)]","[np.int32(1), np.int32(2), np.int32(3), np.int32(4), np.int32(5), np.int32(6), np.int32(7), np.int32(8), np.int32(9), np.int32(10), np.int32(11), np.int32(12)]"
33043,2024-01-01 00:00:00+00:00,2025-04-18 23:45:00+00:00,"[np.int32(2024), np.int32(2025)]","[np.int32(1), np.int32(2), np.int32(3), np.int32(4), np.int32(5), np.int32(6), np.int32(7), np.int32(8), np.int32(9), np.int32(10), np.int32(11), np.int32(12)]"
33044,2024-01-01 00:00:00+00:00,2025-04-18 23:45:00+00:00,"[np.int32(2024), np.int32(2025)]","[np.int32(1), np.int32(2), np.int32(3), np.int32(4), np.int32(5), np.int32(6), np.int32(7), np.int32(8), np.int32(9), np.int32(10), np.int32(11), np.int32(12)]"
33045,2024-01-01 00:00:00+00:00,2025-04-18 23:45:00+00:00,"[np.int32(2024), np.int32(2025)]","[np.int32(1), np.int32(2), np.int32(3), np.int32(4), np.int32(5), np.int32(6), np.int32(7), np.int32(8), np.int32(9), np.int32(10), np.int32(11), np.int32(12)]"
33047,2024-01-01 00:00:00+00:00,2025-04-02 23:45:00+00:00,"[np.int32(2024), np.int32(2025)]","[np.int32(1), np.int32(2), np.int32(3), np.int32(4), np.int32(5), np.int32(6), np.int32(7), np.int32(8), np.int32(9), np.int32(10), np.int32(11), np.int32(12)]"
33049,2024-01-01 00:00:00+00:00,2025-04-18 23:45:00+00:00,"[np.int32(2024), np.int32(2025)]","[np.int32(1), np.int32(2), np.int32(3), np.int32(4), np.int32(5), np.int32(6), np.int32(7), np.int32(8), np.int32(9), np.int32(10), np.int32(11), np.int32(12)]"
33050,2024-01-01 00:00:00+00:00,2025-04-18 23:45:00+00:00,"[np.int32(2024), np.int32(2025)]","[np.int32(1), np.int32(2), np.int32(3), np.int32(4), np.int32(5), np.int32(6), np.int32(7), np.int32(8), np.int32(9), np.int32(10), np.int32(11), np.int32(12)]"
33051,2024-01-01 00:00:00+00:00,2025-04-18 23:45:00+00:00,"[np.int32(2024), np.int32(2025)]","[np.int32(1), np.int32(2), np.int32(3), np.int32(4), np.int32(5), np.int32(6), np.int32(7), np.int32(8), np.int32(9), np.int32(10), np.int32(11), np.int32(12)]"
33052,2024-01-01 00:00:00+00:00,2025-04-18 23:45:00+00:00,"[np.int32(2024), np.int32(2025)]","[np.int32(1), np.int32(2), np.int32(3), np.int32(4), np.int32(5), np.int32(6), np.int32(7), np.int32(8), np.int32(9), np.int32(10), np.int32(11), np.int32(12)]"
33053,2024-01-01 00:00:00+00:00,2025-04-02 23:45:00+00:00,"[np.int32(2024), np.int32(2025)]","[np.int32(1), np.int32(2), np.int32(3), np.int32(4), np.int32(5), np.int32(6), np.int32(7), np.int32(8), np.int32(9), np.int32(10), np.int32(11), np.int32(12)]"
33054,2024-01-01 00:00:00+00:00,2025-04-02 23:45:00+00:00,"[np.int32(2024), np.int32(2025)]","[np.int32(1), np.int32(2), np.int32(3), np.int32(4), np.int32(5), np.int32(6), np.int32(7), np.int32(8), np.int32(9), np.int32(10), np.int32(11), np.int32(12)]"
33055,2024-01-01 00:00:00+00:00,2025-04-18 23:45:00+00:00,"[np.int32(2024), np.int32(2025)]","[np.int32(1), np.int32(2), np.int32(3), np.int32(4), np.int32(5), np.int32(6), np.int32(7), np.int32(8), np.int32(9), np.int32(10), np.int32(11), np.int32(12)]"
33056,2024-01-01 00:00:00+00:00,2025-04-18 23:45:00+00:00,"[np.int32(2024), np.int32(2025)]","[np.int32(1), np.int32(2), np.int32(3), np.int32(4), np.int32(5), np.int32(6), np.int32(7), np.int32(8), np.int32(9), np.int32(10), np.int32(11), np.int32(12)]"
33059,2024-01-01 00:00:00+00:00,2025-04-18 23:45:00+00:00,"[np.int32(2024), np.int32(2025)]","[np.int32(1), np.int32(2), np.int32(3), np.int32(4), np.int32(5), np.int32(6), np.int32(7), np.int32(8), np.int32(9), np.int32(10), np.int32(11), np.int32(12)]"
33060,2024-01-01 00:00:00+00:00,2025-04-18 23:45:00+00:00,"[np.int32(2024), np.int32(2025)]","[np.int32(1), np.int32(2), np.int32(3), np.int32(4), np.int32(5), np.int32(6), np.int32(7), np.int32(8), np.int32(9), np.int32(10), np.int32(11), np.int32(12)]"
33061,2024-01-01 00:00:00+00:00,2025-04-02 23:45:00+00:00,"[np.int32(2024), np.int32(2025)]","[np.int32(1), np.int32(2), np.int32(3), np.int32(4), np.int32(5), np.int32(6), np.int32(7), np.int32(8), np.int32(9), np.int32(10), np.int32(11), np.int32(12)]"
33062,2024-01-01 00:00:00+00:00,2025-04-02 23:45:00+00:00,"[np.int32(2024), np.int32(2025)]","[np.int32(1), np.int32(2), np.int32(3), np.int32(4), np.int32(5), np.int32(6), np.int32(7), np.int32(8), np.int32(9), np.int32(10), np.int32(11), np.int32(12)]"
33063,2024-01-01 00:00:00+00:00,2025-04-02 23:45:00+00:00,"[np.int32(2024), np.int32(2025)]","[np.int32(1), np.int32(2), np.int32(3), np.int32(4), np.int32(5), np.int32(6), np.int32(7), np.int32(8), np.int32(9), np.int32(10), np.int32(11), np.int32(12)]"
33064,2024-01-01 00:00:00+00:00,2025-04-02 23:45:00+00:00,"[np.int32(2024), np.int32(2025)]","[np.int32(1), np.int32(2), np.int32(3), np.int32(4), np.int32(5), np.int32(6), np.int32(7), np.int32(8), np.int32(9), np.int32(10), np.int32(11), np.int32(12)]"
33065,2024-01-01 00:00:00+00:00,2025-04-18 23:45:00+00:00,"[np.int32(2024), np.int32(2025)]","[np.int32(1), np.int32(2), np.int32(3), np.int32(4), np.int32(5), np.int32(6), np.int32(7), np.int32(8), np.int32(9), np.int32(10), np.int32(11), np.int32(12)]"
33066,2024-01-01 00:00:00+00:00,2025-04-18 23:45:00+00:00,"[np.int32(2024), np.int32(2025)]","[np.int32(1), np.int32(2), np.int32(3), np.int32(4), np.int32(5), np.int32(6), np.int32(7), np.int32(8), np.int32(9), np.int32(10), np.int32(11), np.int32(12)]"
33067,2024-01-01 00:00:00+00:00,2025-04-18 23:45:00+00:00,"[np.int32(2024), np.int32(2025)]","[np.int32(1), np.int32(2), np.int32(3), np.int32(4), np.int32(5), np.int32(6), np.int32(7), np.int32(8), np.int32(9), np.int32(10), np.int32(11), np.int32(12)]"
33069,2024-01-01 00:00:00+00:00,2025-04-02 23:45:00+00:00,"[np.int32(2024), np.int32(2025)]","[np.int32(1), np.int32(2), np.int32(3), np.int32(4), np.int32(5), np.int32(6), np.int32(7), np.int32(8), np.int32(9), np.int32(10), np.int32(11), np.int32(12)]"
33070,2024-01-01 00:00:00+00:00,2025-04-18 23:45:00+00:00,"[np.int32(2024), np.int32(2025)]","[np.int32(1), np.int32(2), np.int32(3), np.int32(4), np.int32(5), np.int32(6), np.int32(7), np.int32(8), np.int32(9), np.int32(10), np.int32(11), np.int32(12)]"
33073,2024-01-01 00:00:00+00:00,2025-04-02 23:45:00+00:00,"[np.int32(2024), np.int32(2025)]","[np.int32(1), np.int32(2), np.int32(3), np.int32(4), np.int32(5), np.int32(6), np.int32(7), np.int32(8), np.int32(9), np.int32(10), np.int32(11), np.int32(12)]"
33074,2024-01-01 00:00:00+00:00,2025-04-18 23:45:00+00:00,"[np.int32(2024), np.int32(2025)]","[np.int32(1), np.int32(2), np.int32(3), np.int32(4), np.int32(5), np.int32(6), np.int32(7), np.int32(8), np.int32(11), np.int32(12)]"
33075,2024-01-01 00:00:00+00:00,2025-04-18 23:45:00+00:00,"[np.int32(2024), np.int32(2025)]","[np.int32(1), np.int32(2), np.int32(3), np.int32(4), np.int32(5), np.int32(6), np.int32(7), np.int32(8), np.int32(9), np.int32(10), np.int32(11), np.int32(12)]"
33080,2024-01-01 00:00:00+00:00,2025-04-18 23:45:00+00:00,"[np.int32(2024), np.int32(2025)]","[np.int32(1), np.int32(2), np.int32(3), np.int32(4), np.int32(5), np.int32(6), np.int32(7), np.int32(8), np.int32(9), np.int32(10), np.int32(11), np.int32(12)]"
33081,2024-01-01 00:00:00+00:00,2025-04-18 23:45:00+00:00,"[np.int32(2024), np.int32(2025)]","[np.int32(1), np.int32(2), np.int32(3), np.int32(4), np.int32(5), np.int32(6), np.int32(7), np.int32(8), np.int32(9), np.int32(10), np.int32(11), np.int32(12)]"
33082,2024-01-01 00:00:00+00:00,2025-04-18 23:45:00+00:00,"[np.int32(2024), np.int32(2025)]","[np.int32(1), np.int32(2), np.int32(3), np.int32(4), np.int32(5), np.int32(6), np.int32(7), np.int32(8), np.int32(9), np.int32(10), np.int32(11), np.int32(12)]"
33084,2024-01-01 00:00:00+00:00,2025-04-18 23:45:00+00:00,"[np.int32(2024), np.int32(2025)]","[np.int32(1), np.int32(2), np.int32(3), np.int32(4), np.int32(5), np.int32(6), np.int32(7), np.int32(8), np.int32(9), np.int32(10), np.int32(11), np.int32(12)]"
33085,2024-01-01 00:00:00+00:00,2025-04-02 23:45:00+00:00,"[np.int32(2024), np.int32(2025)]","[np.int32(1), np.int32(2), np.int32(3), np.int32(4), np.int32(5), np.int32(6), np.int32(7), np.int32(8), np.int32(9), np.int32(10), np.int32(11), np.int32(12)]"
33086,2024-01-01 00:00:00+00:00,2025-04-18 23:45:00+00:00,"[np.int32(2024), np.int32(2025)]","[np.int32(1), np.int32(2), np.int32(3), np.int32(4), np.int32(5), np.int32(6), np.int32(7), np.int32(8), np.int32(9), np.int32(10), np.int32(11), np.int32(12)]"
33087,2024-01-01 00:00:00+00:00,2025-04-18 23:45:00+00:00,"[np.int32(2024), np.int32(2025)]","[np.int32(1), np.int32(2), np.int32(3), np.int32(4), np.int32(5), np.int32(6), np.int32(7), np.int32(8), np.int32(9), np.int32(10), np.int32(11), np.int32(12)]"
33088,2024-01-01 00:00:00+00:00,2025-04-18 23:45:00+00:00,"[np.int32(2024), np.int32(2025)]","[np.int32(1), np.int32(2), np.int32(3), np.int32(4), np.int32(5), np.int32(6), np.int32(7), np.int32(8), np.int32(9), np.int32(10), np.int32(11), np.int32(12)]"
33090,2024-01-01 00:00:00+00:00,2025-04-18 23:45:00+00:00,"[np.int32(2024), np.int32(2025)]","[np.int32(1), np.int32(2), np.int32(3), np.int32(4), np.int32(5), np.int32(6), np.int32(7), np.int32(8), np.int32(9), np.int32(10), np.int32(11), np.int32(12)]"
33093,2024-01-01 00:00:00+00:00,2025-04-18 23:45:00+00:00,"[np.int32(2024), np.int32(2025)]","[np.int32(1), np.int32(2), np.int32(3), np.int32(4), np.int32(5), np.int32(6), np.int32(7), np.int32(8), np.int32(9), np.int32(10), np.int32(11), np.int32(12)]"
33094,2024-01-01 00:00:00+00:00,2025-04-02 23:45:00+00:00,"[np.int32(2024), np.int32(2025)]","[np.int32(1), np.int32(2), np.int32(3), np.int32(4), np.int32(5), np.int32(6), np.int32(7), np.int32(8), np.int32(9), np.int32(10), np.int32(11), np.int32(12)]"
33095,2024-01-01 00:00:00+00:00,2025-04-18 23:45:00+00:00,"[np.int32(2024), np.int32(2025)]","[np.int32(1), np.int32(2), np.int32(3), np.int32(4), np.int32(5), np.int32(6), np.int32(7), np.int32(8), np.int32(9), np.int32(10), np.int32(11), np.int32(12)]"
33096,2024-01-01 00:00:00+00:00,2025-04-18 23:45:00+00:00,"[np.int32(2024), np.int32(2025)]","[np.int32(1), np.int32(2), np.int32(3), np.int32(4), np.int32(5), np.int32(6), np.int32(7), np.int32(8), np.int32(9), np.int32(10), np.int32(11), np.int32(12)]"
33097,2024-01-01 00:00:00+00:00,2025-04-18 23:45:00+00:00,"[np.int32(2024), np.int32(2025)]","[np.int32(1), np.int32(2), np.int32(3), np.int32(4), np.int32(5), np.int32(6), np.int32(7), np.int32(8), np.int32(9), np.int32(10), np.int32(11), np.int32(12)]"
33098,2024-01-01 00:00:00+00:00,2025-04-18 23:45:00+00:00,"[np.int32(2024), np.int32(2025)]","[np.int32(1), np.int32(2), np.int32(3), np.int32(4), np.int32(5), np.int32(6), np.int32(7), np.int32(8), np.int32(9), np.int32(10), np.int32(11), np.int32(12)]"
33099,2024-01-01 00:00:00+00:00,2025-04-18 23:45:00+00:00,"[np.int32(2024), np.int32(2025)]","[np.int32(1), np.int32(2), np.int32(3), np.int32(4), np.int32(5), np.int32(6), np.int32(7), np.int32(8), np.int32(9), np.int32(10), np.int32(11), np.int32(12)]"
33100,2024-01-01 00:00:00+00:00,2025-04-02 23:45:00+00:00,"[np.int32(2024), np.int32(2025)]","[np.int32(1), np.int32(2), np.int32(3), np.int32(4), np.int32(5), np.int32(6), np.int32(7), np.int32(8), np.int32(9), np.int32(10), np.int32(11), np.int32(12)]"
33101,2024-01-01 00:00:00+00:00,2025-04-18 23:45:00+00:00,"[np.int32(2024), np.int32(2025)]","[np.int32(1), np.int32(2), np.int32(3), np.int32(4), np.int32(5), np.int32(6), np.int32(7), np.int32(8), np.int32(9), np.int32(10), np.int32(11), np.int32(12)]"
33102,2024-01-01 00:00:00+00:00,2025-04-18 23:45:00+00:00,"[np.int32(2024), np.int32(2025)]","[np.int32(1), np.int32(2), np.int32(3), np.int32(4), np.int32(5), np.int32(6), np.int32(7), np.int32(8), np.int32(9), np.int32(10), np.int32(11), np.int32(12)]"
33104,2024-01-01 00:00:00+00:00,2025-04-18 23:45:00+00:00,"[np.int32(2024), np.int32(2025)]","[np.int32(1), np.int32(2), np.int32(3), np.int32(4), np.int32(5), np.int32(6), np.int32(7), np.int32(8), np.int32(9), np.int32(10), np.int32(11), np.int32(12)]"
33105,2024-01-01 00:00:00+00:00,2025-04-18 23:45:00+00:00,"[np.int32(2024), np.int32(2025)]","[np.int32(1), np.int32(2), np.int32(3), np.int32(4), np.int32(5), np.int32(6), np.int32(7), np.int32(8), np.int32(9), np.int32(10), np.int32(11), np.int32(12)]"
33106,2024-01-01 00:00:00+00:00,2025-04-18 23:45:00+00:00,"[np.int32(2024), np.int32(2025)]","[np.int32(1), np.int32(2), np.int32(3), np.int32(4), np.int32(5), np.int32(6), np.int32(7), np.int32(8), np.int32(9), np.int32(10), np.int32(11), np.int32(12)]"
33107,2024-01-01 00:00:00+00:00,2025-04-18 23:45:00+00:00,"[np.int32(2024), np.int32(2025)]","[np.int32(1), np.int32(2), np.int32(3), np.int32(4), np.int32(5), np.int32(6), np.int32(7), np.int32(8), np.int32(9), np.int32(10), np.int32(11), np.int32(12)]"
33109,2024-01-01 00:00:00+00:00,2025-04-18 23:45:00+00:00,"[np.int32(2024), np.int32(2025)]","[np.int32(1), np.int32(2), np.int32(3), np.int32(4), np.int32(5), np.int32(6), np.int32(7), np.int32(8), np.int32(9), np.int32(10), np.int32(11), np.int32(12)]"
33111,2024-01-01 00:00:00+00:00,2025-04-02 23:45:00+00:00,"[np.int32(2024), np.int32(2025)]","[np.int32(1), np.int32(2), np.int32(3), np.int32(4), np.int32(5), np.int32(6), np.int32(7), np.int32(8), np.int32(9), np.int32(10), np.int32(11), np.int32(12)]"
33112,2024-01-01 00:00:00+00:00,2025-04-18 23:45:00+00:00,"[np.int32(2024), np.int32(2025)]","[np.int32(1), np.int32(2), np.int32(3), np.int32(4), np.int32(5), np.int32(6), np.int32(7), np.int32(8), np.int32(9), np.int32(10), np.int32(11), np.int32(12)]"
33115,2024-01-01 00:00:00+00:00,2025-04-18 23:45:00+00:00,"[np.int32(2024), np.int32(2025)]","[np.int32(1), np.int32(2), np.int32(3), np.int32(4), np.int32(5), np.int32(6), np.int32(7), np.int32(8), np.int32(9), np.int32(10), np.int32(11), np.int32(12)]"
33116,2024-01-01 00:00:00+00:00,2025-04-18 23:45:00+00:00,"[np.int32(2024), np.int32(2025)]","[np.int32(1), np.int32(2), np.int32(3), np.int32(4), np.int32(5), np.int32(6), np.int32(7), np.int32(8), np.int32(9), np.int32(10), np.int32(11), np.int32(12)]"
33118,2024-01-01 00:00:00+00:00,2025-04-18 23:45:00+00:00,"[np.int32(2024), np.int32(2025)]","[np.int32(1), np.int32(2), np.int32(3), np.int32(4), np.int32(5), np.int32(6), np.int32(7), np.int32(8), np.int32(9), np.int32(10), np.int32(11), np.int32(12)]"
33119,2024-01-01 00:00:00+00:00,2025-04-18 23:45:00+00:00,"[np.int32(2024), np.int32(2025)]","[np.int32(1), np.int32(2), np.int32(3), np.int32(4), np.int32(5), np.int32(6), np.int32(7), np.int32(8), np.int32(9), np.int32(10), np.int32(11), np.int32(12)]"
33120,2024-01-01 00:00:00+00:00,2025-04-02 23:45:00+00:00,"[np.int32(2024), np.int32(2025)]","[np.int32(1), np.int32(2), np.int32(3), np.int32(4), np.int32(5), np.int32(6), np.int32(7), np.int32(8), np.int32(9), np.int32(10), np.int32(11), np.int32(12)]"
33121,2024-01-01 00:00:00+00:00,2025-04-18 23:45:00+00:00,"[np.int32(2024), np.int32(2025)]","[np.int32(1), np.int32(2), np.int32(3), np.int32(4), np.int32(5), np.int32(6), np.int32(7), np.int32(8), np.int32(9), np.int32(10), np.int32(11), np.int32(12)]"
33122,2024-01-01 00:00:00+00:00,2025-04-18 23:45:00+00:00,"[np.int32(2024), np.int32(2025)]","[np.int32(1), np.int32(2), np.int32(3), np.int32(4), np.int32(5), np.int32(6), np.int32(7), np.int32(8), np.int32(9), np.int32(10), np.int32(11), np.int32(12)]"
33123,2024-01-01 00:00:00+00:00,2025-04-02 23:45:00+00:00,"[np.int32(2024), np.int32(2025)]","[np.int32(1), np.int32(2), np.int32(3), np.int32(4), np.int32(5), np.int32(6), np.int32(7), np.int32(8), np.int32(9), np.int32(10), np.int32(11), np.int32(12)]"
33124,2024-01-01 00:00:00+00:00,2025-04-02 23:45:00+00:00,"[np.int32(2024), np.int32(2025)]","[np.int32(1), np.int32(2), np.int32(3), np.int32(4), np.int32(5), np.int32(6), np.int32(7), np.int32(8), np.int32(9), np.int32(10), np.int32(11), np.int32(12)]"
33125,2024-01-01 00:00:00+00:00,2024-08-18 23:00:00+00:00,[np.int32(2024)],"[np.int32(1), np.int32(2), np.int32(3), np.int32(4), np.int32(5), np.int32(6), np.int32(7), np.int32(8)]"
33126,2024-01-01 00:00:00+00:00,2025-04-18 23:45:00+00:00,"[np.int32(2024), np.int32(2025)]","[np.int32(1), np.int32(2), np.int32(3), np.int32(4), np.int32(5), np.int32(6), np.int32(7), np.int32(8), np.int32(9), np.int32(10), np.int32(11), np.int32(12)]"
33127,2024-01-01 00:00:00+00:00,2025-04-18 23:45:00+00:00,"[np.int32(2024), np.int32(2025)]","[np.int32(1), np.int32(2), np.int32(3), np.int32(4), np.int32(5), np.int32(6), np.int32(7), np.int32(8), np.int32(9), np.int32(10), np.int32(11), np.int32(12)]"
33128,2024-01-01 00:00:00+00:00,2025-04-18 23:45:00+00:00,"[np.int32(2024), np.int32(2025)]","[np.int32(1), np.int32(2), np.int32(3), np.int32(4), np.int32(5), np.int32(6), np.int32(7), np.int32(8), np.int32(9), np.int32(10), np.int32(11), np.int32(12)]"
33129,2024-01-01 00:00:00+00:00,2025-04-18 23:45:00+00:00,"[np.int32(2024), np.int32(2025)]","[np.int32(1), np.int32(2), np.int32(3), np.int32(4), np.int32(5), np.int32(6), np.int32(7), np.int32(8), np.int32(9), np.int32(10), np.int32(11), np.int32(12)]"
33130,2024-01-01 00:00:00+00:00,2025-04-02 23:45:00+00:00,"[np.int32(2024), np.int32(2025)]","[np.int32(1), np.int32(2), np.int32(3), np.int32(4), np.int32(5), np.int32(6), np.int32(7), np.int32(8), np.int32(9), np.int32(10), np.int32(11), np.int32(12)]"
33131,2024-01-01 00:00:00+00:00,2025-04-18 23:45:00+00:00,"[np.int32(2024), np.int32(2025)]","[np.int32(1), np.int32(2), np.int32(3), np.int32(4), np.int32(5), np.int32(6), np.int32(7), np.int32(8), np.int32(9), np.int32(10), np.int32(11), np.int32(12)]"
33132,2024-01-01 00:00:00+00:00,2025-04-18 23:45:00+00:00,"[np.int32(2024), np.int32(2025)]","[np.int32(1), np.int32(2), np.int32(3), np.int32(4), np.int32(5), np.int32(6), np.int32(7), np.int32(8), np.int32(9), np.int32(10), np.int32(11), np.int32(12)]"
33133,2024-01-01 00:00:00+00:00,2025-04-18 23:45:00+00:00,"[np.int32(2024), np.int32(2025)]","[np.int32(1), np.int32(2), np.int32(3), np.int32(4), np.int32(5), np.int32(6), np.int32(7), np.int32(8), np.int32(9), np.int32(10), np.int32(11), np.int32(12)]"
33134,2024-01-01 00:00:00+00:00,2025-04-18 23:45:00+00:00,"[np.int32(2024), np.int32(2025)]","[np.int32(1), np.int32(2), np.int32(3), np.int32(4), np.int32(5), np.int32(6), np.int32(7), np.int32(8), np.int32(9), np.int32(10), np.int32(11), np.int32(12)]"
33135,2024-01-01 00:00:00+00:00,2025-04-02 23:45:00+00:00,"[np.int32(2024), np.int32(2025)]","[np.int32(1), np.int32(2), np.int32(3), np.int32(4), np.int32(5), np.int32(6), np.int32(7), np.int32(8), np.int32(9), np.int32(10), np.int32(11), np.int32(12)]"
33136,2024-01-01 00:00:00+00:00,2025-04-02 23:45:00+00:00,"[np.int32(2024), np.int32(2025)]","[np.int32(1), np.int32(2), np.int32(3), np.int32(4), np.int32(5), np.int32(6), np.int32(7), np.int32(8), np.int32(9), np.int32(10), np.int32(11), np.int32(12)]"
33137,2024-01-01 00:00:00+00:00,2025-04-02 23:45:00+00:00,"[np.int32(2024), np.int32(2025)]","[np.int32(1), np.int32(2), np.int32(3), np.int32(4), np.int32(5), np.int32(6), np.int32(7), np.int32(8), np.int32(9), np.int32(10), np.int32(11), np.int32(12)]"
33138,2024-01-01 00:00:00+00:00,2025-04-18 23:45:00+00:00,"[np.int32(2024), np.int32(2025)]","[np.int32(1), np.int32(2), np.int32(3), np.int32(4), np.int32(5), np.int32(6), np.int32(7), np.int32(8), np.int32(9), np.int32(10), np.int32(11), np.int32(12)]"
33139,2024-01-01 00:00:00+00:00,2025-04-18 23:45:00+00:00,"[np.int32(2024), np.int32(2025)]","[np.int32(1), np.int32(2), np.int32(3), np.int32(4), np.int32(5), np.int32(6), np.int32(7), np.int32(8), np.int32(9), np.int32(10), np.int32(11), np.int32(12)]"
33140,2024-01-01 00:00:00+00:00,2025-04-18 23:45:00+00:00,"[np.int32(2024), np.int32(2025)]","[np.int32(1), np.int32(2), np.int32(3), np.int32(4), np.int32(5), np.int32(6), np.int32(7), np.int32(8), np.int32(9), np.int32(10), np.int32(11), np.int32(12)]"
33148,2024-01-01 00:00:00+00:00,2024-08-18 23:00:00+00:00,[np.int32(2024)],"[np.int32(1), np.int32(2), np.int32(3), np.int32(4), np.int32(5), np.int32(6), np.int32(7), np.int32(8)]"
33149,2024-01-01 00:00:00+00:00,2024-08-18 23:00:00+00:00,[np.int32(2024)],"[np.int32(1), np.int32(2), np.int32(3), np.int32(4), np.int32(5), np.int32(6), np.int32(7), np.int32(8)]"
33150,2024-01-01 00:00:00+00:00,2025-04-18 23:45:00+00:00,"[np.int32(2024), np.int32(2025)]","[np.int32(1), np.int32(2), np.int32(3), np.int32(4), np.int32(5), np.int32(6), np.int32(7), np.int32(8), np.int32(9), np.int32(10), np.int32(11), np.int32(12)]"
33151,2024-01-01 00:00:00+00:00,2025-04-18 23:45:00+00:00,"[np.int32(2024), np.int32(2025)]","[np.int32(1), np.int32(2), np.int32(3), np.int32(4), np.int32(5), np.int32(6), np.int32(7), np.int32(8), np.int32(9), np.int32(10), np.int32(11), np.int32(12)]"
33152,2024-01-01 00:00:00+00:00,2025-04-18 23:45:00+00:00,"[np.int32(2024), np.int32(2025)]","[np.int32(1), np.int32(2), np.int32(3), np.int32(4), np.int32(5), np.int32(6), np.int32(7), np.int32(8), np.int32(9), np.int32(10), np.int32(11), np.int32(12)]"
33154,2024-01-01 00:00:00+00:00,2025-04-02 23:45:00+00:00,"[np.int32(2024), np.int32(2025)]","[np.int32(1), np.int32(2), np.int32(3), np.int32(4), np.int32(5), np.int32(6), np.int32(7), np.int32(8), np.int32(9), np.int32(10), np.int32(11), np.int32(12)]"
33155,2024-01-01 00:00:00+00:00,2025-04-18 23:45:00+00:00,"[np.int32(2024), np.int32(2025)]","[np.int32(1), np.int32(2), np.int32(3), np.int32(4), np.int32(5), np.int32(6), np.int32(7), np.int32(8), np.int32(9), np.int32(10), np.int32(11), np.int32(12)]"
33156,2024-01-01 00:00:00+00:00,2025-04-18 23:45:00+00:00,"[np.int32(2024), np.int32(2025)]","[np.int32(1), np.int32(2), np.int32(3), np.int32(4), np.int32(5), np.int32(6), np.int32(7), np.int32(8), np.int32(9), np.int32(10), np.int32(11), np.int32(12)]"
33157,2024-01-01 00:00:00+00:00,2025-04-18 23:45:00+00:00,"[np.int32(2024), np.int32(2025)]","[np.int32(1), np.int32(2), np.int32(3), np.int32(4), np.int32(5), np.int32(6), np.int32(7), np.int32(8), np.int32(9), np.int32(10), np.int32(11), np.int32(12)]"
33158,2024-01-01 00:00:00+00:00,2025-04-18 23:45:00+00:00,"[np.int32(2024), np.int32(2025)]","[np.int32(1), np.int32(2), np.int32(3), np.int32(4), np.int32(5), np.int32(6), np.int32(7), np.int32(8), np.int32(9), np.int32(10), np.int32(11), np.int32(12)]"
33159,2024-01-01 00:00:00+00:00,2025-04-18 23:45:00+00:00,"[np.int32(2024), np.int32(2025)]","[np.int32(1), np.int32(2), np.int32(3), np.int32(4), np.int32(5), np.int32(6), np.int32(7), np.int32(8), np.int32(9), np.int32(10), np.int32(11), np.int32(12)]"
33162,2024-01-01 00:00:00+00:00,2025-04-02 23:45:00+00:00,"[np.int32(2024), np.int32(2025)]","[np.int32(1), np.int32(2), np.int32(3), np.int32(4), np.int32(5), np.int32(6), np.int32(7), np.int32(8), np.int32(9), np.int32(10), np.int32(11), np.int32(12)]"
33163,2024-01-01 00:00:00+00:00,2025-04-18 23:45:00+00:00,"[np.int32(2024), np.int32(2025)]","[np.int32(1), np.int32(2), np.int32(3), np.int32(4), np.int32(5), np.int32(6), np.int32(7), np.int32(8), np.int32(9), np.int32(10), np.int32(11), np.int32(12)]"
33166,2024-01-01 00:00:00+00:00,2025-04-18 23:45:00+00:00,"[np.int32(2024), np.int32(2025)]","[np.int32(1), np.int32(2), np.int32(3), np.int32(4), np.int32(5), np.int32(6), np.int32(7), np.int32(8), np.int32(9), np.int32(10), np.int32(11), np.int32(12)]"
33167,2024-01-01 00:00:00+00:00,2025-04-18 23:45:00+00:00,"[np.int32(2024), np.int32(2025)]","[np.int32(1), np.int32(2), np.int32(3), np.int32(4), np.int32(5), np.int32(6), np.int32(7), np.int32(8), np.int32(9), np.int32(10), np.int32(11), np.int32(12)]"
33168,2024-01-01 00:00:00+00:00,2024-08-18 23:00:00+00:00,[np.int32(2024)],"[np.int32(1), np.int32(2), np.int32(3), np.int32(4), np.int32(5), np.int32(6), np.int32(7), np.int32(8)]"
33169,2024-01-01 00:00:00+00:00,2025-04-18 23:45:00+00:00,"[np.int32(2024), np.int32(2025)]","[np.int32(1), np.int32(2), np.int32(3), np.int32(4), np.int32(5), np.int32(6), np.int32(7), np.int32(8), np.int32(9), np.int32(10), np.int32(11), np.int32(12)]"
33170,2024-01-01 00:00:00+00:00,2025-04-18 23:45:00+00:00,"[np.int32(2024), np.int32(2025)]","[np.int32(1), np.int32(2), np.int32(3), np.int32(4), np.int32(5), np.int32(6), np.int32(7), np.int32(8), np.int32(9), np.int32(10), np.int32(11), np.int32(12)]"
33171,2024-01-01 00:00:00+00:00,2024-08-18 23:00:00+00:00,[np.int32(2024)],"[np.int32(1), np.int32(2), np.int32(3), np.int32(4), np.int32(5), np.int32(6), np.int32(7), np.int32(8)]"
33172,2024-01-01 00:00:00+00:00,2025-04-18 23:45:00+00:00,"[np.int32(2024), np.int32(2025)]","[np.int32(1), np.int32(2), np.int32(3), np.int32(4), np.int32(5), np.int32(6), np.int32(7), np.int32(8), np.int32(9), np.int32(10), np.int32(11), np.int32(12)]"
33173,2024-01-01 00:00:00+00:00,2025-04-18 23:45:00+00:00,"[np.int32(2024), np.int32(2025)]","[np.int32(1), np.int32(2), np.int32(3), np.int32(4), np.int32(5), np.int32(6), np.int32(7), np.int32(8), np.int32(9), np.int32(10), np.int32(11), np.int32(12)]"
33174,2024-01-01 00:00:00+00:00,2025-04-18 23:45:00+00:00,"[np.int32(2024), np.int32(2025)]","[np.int32(1), np.int32(2), np.int32(3), np.int32(4), np.int32(5), np.int32(6), np.int32(7), np.int32(8), np.int32(9), np.int32(10), np.int32(11), np.int32(12)]"
33175,2024-01-01 00:00:00+00:00,2025-04-18 23:45:00+00:00,"[np.int32(2024), np.int32(2025)]","[np.int32(1), np.int32(2), np.int32(3), np.int32(4), np.int32(5), np.int32(6), np.int32(7), np.int32(8), np.int32(9), np.int32(10), np.int32(11), np.int32(12)]"
33176,2024-01-01 00:00:00+00:00,2025-04-18 23:45:00+00:00,"[np.int32(2024), np.int32(2025)]","[np.int32(1), np.int32(2), np.int32(3), np.int32(4), np.int32(5), np.int32(6), np.int32(7), np.int32(8), np.int32(9), np.int32(10), np.int32(11), np.int32(12)]"
33177,2024-01-01 00:00:00+00:00,2025-04-18 23:45:00+00:00,"[np.int32(2024), np.int32(2025)]","[np.int32(1), np.int32(2), np.int32(3), np.int32(4), np.int32(5), np.int32(6), np.int32(7), np.int32(8), np.int32(9), np.int32(10), np.int32(11), np.int32(12)]"
33178,2024-01-01 00:00:00+00:00,2025-04-18 23:45:00+00:00,"[np.int32(2024), np.int32(2025)]","[np.int32(1), np.int32(2), np.int32(3), np.int32(4), np.int32(5), np.int32(6), np.int32(7), np.int32(8), np.int32(9), np.int32(10), np.int32(11), np.int32(12)]"
33179,2024-01-01 00:00:00+00:00,2025-04-18 23:45:00+00:00,"[np.int32(2024), np.int32(2025)]","[np.int32(1), np.int32(2), np.int32(3), np.int32(4), np.int32(5), np.int32(6), np.int32(7), np.int32(8), np.int32(9), np.int32(10), np.int32(11), np.int32(12)]"
33180,2024-01-01 00:00:00+00:00,2025-04-02 23:45:00+00:00,"[np.int32(2024), np.int32(2025)]","[np.int32(1), np.int32(2), np.int32(3), np.int32(4), np.int32(5), np.int32(6), np.int32(7), np.int32(8), np.int32(9), np.int32(10), np.int32(11), np.int32(12)]"
33181,2024-01-01 00:00:00+00:00,2025-04-18 23:45:00+00:00,"[np.int32(2024), np.int32(2025)]","[np.int32(1), np.int32(2), np.int32(3), np.int32(4), np.int32(5), np.int32(6), np.int32(7), np.int32(8), np.int32(9), np.int32(10), np.int32(11), np.int32(12)]"
33184,2024-09-16 00:00:00+00:00,2025-04-18 23:45:00+00:00,"[np.int32(2024), np.int32(2025)]","[np.int32(1), np.int32(2), np.int32(3), np.int32(4), np.int32(9), np.int32(10), np.int32(11), np.int32(12)]"
33185,2024-01-01 00:00:00+00:00,2025-04-18 23:45:00+00:00,"[np.int32(2024), np.int32(2025)]","[np.int32(1), np.int32(2), np.int32(3), np.int32(4), np.int32(5), np.int32(6), np.int32(7), np.int32(8), np.int32(9), np.int32(10), np.int32(11), np.int32(12)]"
33186,2024-11-30 00:00:00+00:00,2025-04-18 23:45:00+00:00,"[np.int32(2024), np.int32(2025)]","[np.int32(1), np.int32(2), np.int32(3), np.int32(4), np.int32(11), np.int32(12)]"
33188,2024-11-30 00:00:00+00:00,2025-04-18 23:45:00+00:00,"[np.int32(2024), np.int32(2025)]","[np.int32(1), np.int32(2), np.int32(3), np.int32(4), np.int32(11), np.int32(12)]"
33189,2024-01-01 00:00:00+00:00,2025-04-18 23:45:00+00:00,"[np.int32(2024), np.int32(2025)]","[np.int32(1), np.int32(2), np.int32(3), np.int32(4), np.int32(5), np.int32(6), np.int32(7), np.int32(8), np.int32(9), np.int32(10), np.int32(11), np.int32(12)]"
33190,2024-09-16 00:00:00+00:00,2025-04-18 23:45:00+00:00,"[np.int32(2024), np.int32(2025)]","[np.int32(1), np.int32(2), np.int32(3), np.int32(4), np.int32(9), np.int32(10), np.int32(11), np.int32(12)]"
33192,2024-01-01 00:00:00+00:00,2025-04-02 23:45:00+00:00,"[np.int32(2024), np.int32(2025)]","[np.int32(1), np.int32(2), np.int32(3), np.int32(4), np.int32(5), np.int32(6), np.int32(7), np.int32(8), np.int32(9), np.int32(10), np.int32(11), np.int32(12)]"
33193,2024-01-01 00:00:00+00:00,2025-04-02 23:45:00+00:00,"[np.int32(2024), np.int32(2025)]","[np.int32(1), np.int32(2), np.int32(3), np.int32(4), np.int32(5), np.int32(6), np.int32(7), np.int32(8), np.int32(9), np.int32(10), np.int32(11), np.int32(12)]"
33194,2024-01-01 00:00:00+00:00,2025-04-02 23:45:00+00:00,"[np.int32(2024), np.int32(2025)]","[np.int32(1), np.int32(2), np.int32(3), np.int32(4), np.int32(5), np.int32(6), np.int32(7), np.int32(8), np.int32(9), np.int32(10), np.int32(11), np.int32(12)]"
33196,2024-01-01 00:00:00+00:00,2025-04-02 23:45:00+00:00,"[np.int32(2024), np.int32(2025)]","[np.int32(1), np.int32(2), np.int32(3), np.int32(4), np.int32(5), np.int32(6), np.int32(7), np.int32(8), np.int32(9), np.int32(10), np.int32(11), np.int32(12)]"
33197,2024-01-01 00:00:00+00:00,2025-04-02 23:45:00+00:00,"[np.int32(2024), np.int32(2025)]","[np.int32(1), np.int32(2), np.int32(3), np.int32(4), np.int32(5), np.int32(6), np.int32(7), np.int32(8), np.int32(9), np.int32(10), np.int32(11), np.int32(12)]"
33198,2024-01-01 00:00:00+00:00,2025-04-02 23:45:00+00:00,"[np.int32(2024), np.int32(2025)]","[np.int32(1), np.int32(2), np.int32(3), np.int32(4), np.int32(5), np.int32(6), np.int32(7), np.int32(8), np.int32(9), np.int32(10), np.int32(11), np.int32(12)]"
33199,2024-11-30 00:00:00+00:00,2025-04-18 23:45:00+00:00,"[np.int32(2024), np.int32(2025)]","[np.int32(1), np.int32(2), np.int32(3), np.int32(4), np.int32(11), np.int32(12)]"
33200,2024-01-01 00:00:00+00:00,2025-04-18 23:45:00+00:00,"[np.int32(2024), np.int32(2025)]","[np.int32(1), np.int32(2), np.int32(3), np.int32(4), np.int32(5), np.int32(6), np.int32(7), np.int32(8), np.int32(9), np.int32(10), np.int32(11), np.int32(12)]"
33201,2024-11-30 00:00:00+00:00,2025-04-18 23:45:00+00:00,"[np.int32(2024), np.int32(2025)]","[np.int32(1), np.int32(2), np.int32(3), np.int32(4), np.int32(11), np.int32(12)]"
33203,2024-11-30 00:00:00+00:00,2025-04-18 23:45:00+00:00,"[np.int32(2024), np.int32(2025)]","[np.int32(1), np.int32(2), np.int32(3), np.int32(4), np.int32(11), np.int32(12)]"
33204,2024-01-01 00:00:00+00:00,2025-04-18 23:45:00+00:00,"[np.int32(2024), np.int32(2025)]","[np.int32(1), np.int32(2), np.int32(3), np.int32(4), np.int32(5), np.int32(6), np.int32(7), np.int32(8), np.int32(9), np.int32(10), np.int32(11), np.int32(12)]"
33205,2024-11-22 00:00:00+00:00,2025-04-18 23:45:00+00:00,"[np.int32(2024), np.int32(2025)]","[np.int32(1), np.int32(2), np.int32(3), np.int32(4), np.int32(11), np.int32(12)]"
33206,2024-01-01 00:00:00+00:00,2025-04-18 23:45:00+00:00,"[np.int32(2024), np.int32(2025)]","[np.int32(1), np.int32(2), np.int32(3), np.int32(4), np.int32(5), np.int32(6), np.int32(7), np.int32(8), np.int32(9), np.int32(10), np.int32(11), np.int32(12)]"
33207,2024-01-01 00:00:00+00:00,2025-04-02 23:45:00+00:00,"[np.int32(2024), np.int32(2025)]","[np.int32(1), np.int32(2), np.int32(3), np.int32(4), np.int32(5), np.int32(6), np.int32(7), np.int32(8), np.int32(9), np.int32(10), np.int32(11), np.int32(12)]"
33208,2024-01-01 00:00:00+00:00,2025-04-18 23:45:00+00:00,"[np.int32(2024), np.int32(2025)]","[np.int32(1), np.int32(2), np.int32(3), np.int32(4), np.int32(5), np.int32(6), np.int32(7), np.int32(8), np.int32(9), np.int32(10), np.int32(11), np.int32(12)]"
33209,2024-01-01 00:00:00+00:00,2025-04-02 23:45:00+00:00,"[np.int32(2024), np.int32(2025)]","[np.int32(1), np.int32(2), np.int32(3), np.int32(4), np.int32(5), np.int32(6), np.int32(7), np.int32(8), np.int32(9), np.int32(10), np.int32(11), np.int32(12)]"
33210,2024-01-01 00:00:00+00:00,2025-04-02 23:45:00+00:00,"[np.int32(2024), np.int32(2025)]","[np.int32(1), np.int32(2), np.int32(3), np.int32(4), np.int32(5), np.int32(6), np.int32(7), np.int32(8), np.int32(9), np.int32(10), np.int32(11), np.int32(12)]"
33211,2024-01-01 00:00:00+00:00,2025-04-18 23:45:00+00:00,"[np.int32(2024), np.int32(2025)]","[np.int32(1), np.int32(2), np.int32(3), np.int32(4), np.int32(5), np.int32(6), np.int32(7), np.int32(8), np.int32(9), np.int32(10), np.int32(11), np.int32(12)]"
33212,2024-01-01 00:00:00+00:00,2025-04-18 23:45:00+00:00,"[np.int32(2024), np.int32(2025)]","[np.int32(1), np.int32(2), np.int32(3), np.int32(4), np.int32(5), np.int32(6), np.int32(7), np.int32(8), np.int32(9), np.int32(10), np.int32(11), np.int32(12)]"
33213,2024-01-01 00:00:00+00:00,2025-04-18 23:45:00+00:00,"[np.int32(2024), np.int32(2025)]","[np.int32(1), np.int32(2), np.int32(3), np.int32(4), np.int32(5), np.int32(6), np.int32(7), np.int32(8), np.int32(9), np.int32(10), np.int32(11), np.int32(12)]"
33214,2024-01-01 00:00:00+00:00,2025-04-02 23:45:00+00:00,"[np.int32(2024), np.int32(2025)]","[np.int32(1), np.int32(2), np.int32(3), np.int32(4), np.int32(5), np.int32(6), np.int32(7), np.int32(8), np.int32(9), np.int32(10), np.int32(11), np.int32(12)]"
33215,2024-01-01 00:00:00+00:00,2025-04-18 23:45:00+00:00,"[np.int32(2024), np.int32(2025)]","[np.int32(1), np.int32(2), np.int32(3), np.int32(4), np.int32(5), np.int32(6), np.int32(7), np.int32(8), np.int32(9), np.int32(10), np.int32(11), np.int32(12)]"
33216,2024-01-01 00:00:00+00:00,2024-08-18 23:00:00+00:00,[np.int32(2024)],"[np.int32(1), np.int32(2), np.int32(3), np.int32(4), np.int32(5), np.int32(6), np.int32(7), np.int32(8)]"
33217,2024-01-01 00:00:00+00:00,2024-08-18 23:00:00+00:00,[np.int32(2024)],"[np.int32(1), np.int32(2), np.int32(3), np.int32(4), np.int32(5), np.int32(6), np.int32(7), np.int32(8)]"
33218,2024-01-01 00:00:00+00:00,2025-04-18 23:45:00+00:00,"[np.int32(2024), np.int32(2025)]","[np.int32(1), np.int32(2), np.int32(3), np.int32(4), np.int32(5), np.int32(6), np.int32(7), np.int32(8), np.int32(9), np.int32(10), np.int32(11), np.int32(12)]"
33219,2024-01-01 00:00:00+00:00,2025-04-18 23:45:00+00:00,"[np.int32(2024), np.int32(2025)]","[np.int32(1), np.int32(2), np.int32(3), np.int32(4), np.int32(5), np.int32(6), np.int32(7), np.int32(8), np.int32(9), np.int32(10), np.int32(11), np.int32(12)]"
33220,2024-01-01 00:00:00+00:00,2025-04-02 23:45:00+00:00,"[np.int32(2024), np.int32(2025)]","[np.int32(1), np.int32(2), np.int32(3), np.int32(4), np.int32(5), np.int32(6), np.int32(7), np.int32(8), np.int32(9), np.int32(10), np.int32(11), np.int32(12)]"
33221,2024-01-01 00:00:00+00:00,2025-04-02 23:45:00+00:00,"[np.int32(2024), np.int32(2025)]","[np.int32(1), np.int32(2), np.int32(3), np.int32(4), np.int32(5), np.int32(6), np.int32(7), np.int32(8), np.int32(9), np.int32(10), np.int32(11), np.int32(12)]"
33222,2024-01-01 00:00:00+00:00,2025-04-18 23:45:00+00:00,"[np.int32(2024), np.int32(2025)]","[np.int32(1), np.int32(2), np.int32(3), np.int32(4), np.int32(5), np.int32(6), np.int32(7), np.int32(8), np.int32(9), np.int32(10), np.int32(11), np.int32(12)]"
33223,2024-01-01 00:00:00+00:00,2025-04-18 23:45:00+00:00,"[np.int32(2024), np.int32(2025)]","[np.int32(1), np.int32(2), np.int32(3), np.int32(4), np.int32(5), np.int32(6), np.int32(7), np.int32(8), np.int32(9), np.int32(10), np.int32(11), np.int32(12)]"
33224,2024-01-01 00:00:00+00:00,2025-04-18 23:45:00+00:00,"[np.int32(2024), np.int32(2025)]","[np.int32(1), np.int32(2), np.int32(3), np.int32(4), np.int32(5), np.int32(6), np.int32(7), np.int32(8), np.int32(9), np.int32(10), np.int32(11), np.int32(12)]"
33226,2024-01-01 00:00:00+00:00,2025-04-18 23:45:00+00:00,"[np.int32(2024), np.int32(2025)]","[np.int32(1), np.int32(2), np.int32(3), np.int32(4), np.int32(5), np.int32(6), np.int32(7), np.int32(8), np.int32(9), np.int32(10), np.int32(11), np.int32(12)]"
33227,2024-01-01 00:00:00+00:00,2025-04-18 23:45:00+00:00,"[np.int32(2024), np.int32(2025)]","[np.int32(1), np.int32(2), np.int32(3), np.int32(4), np.int32(5), np.int32(6), np.int32(7), np.int32(8), np.int32(9), np.int32(10), np.int32(11), np.int32(12)]"
33228,2024-01-01 00:00:00+00:00,2025-04-18 23:45:00+00:00,"[np.int32(2024), np.int32(2025)]","[np.int32(1), np.int32(2), np.int32(3), np.int32(4), np.int32(5), np.int32(6), np.int32(7), np.int32(8), np.int32(9), np.int32(10), np.int32(11), np.int32(12)]"
33229,2024-01-01 00:00:00+00:00,2025-04-18 23:45:00+00:00,"[np.int32(2024), np.int32(2025)]","[np.int32(1), np.int32(2), np.int32(3), np.int32(4), np.int32(5), np.int32(6), np.int32(7), np.int32(8), np.int32(9), np.int32(10), np.int32(11), np.int32(12)]"
33230,2024-01-01 00:00:00+00:00,2025-04-18 23:45:00+00:00,"[np.int32(2024), np.int32(2025)]","[np.int32(1), np.int32(2), np.int32(3), np.int32(4), np.int32(5), np.int32(6), np.int32(7), np.int32(8), np.int32(9), np.int32(10), np.int32(11), np.int32(12)]"
33231,2024-01-01 00:00:00+00:00,2025-04-18 23:45:00+00:00,"[np.int32(2024), np.int32(2025)]","[np.int32(1), np.int32(2), np.int32(3), np.int32(4), np.int32(5), np.int32(6), np.int32(7), np.int32(8), np.int32(9), np.int32(10), np.int32(11), np.int32(12)]"
33232,2024-01-01 00:00:00+00:00,2025-04-18 23:45:00+00:00,"[np.int32(2024), np.int32(2025)]","[np.int32(1), np.int32(2), np.int32(3), np.int32(4), np.int32(5), np.int32(6), np.int32(7), np.int32(8), np.int32(9), np.int32(10), np.int32(11), np.int32(12)]"
33233,2024-01-01 00:00:00+00:00,2025-04-18 23:45:00+00:00,"[np.int32(2024), np.int32(2025)]","[np.int32(1), np.int32(2), np.int32(3), np.int32(4), np.int32(5), np.int32(6), np.int32(7), np.int32(8), np.int32(9), np.int32(10), np.int32(11), np.int32(12)]"
33234,2024-01-01 00:00:00+00:00,2025-04-18 23:45:00+00:00,"[np.int32(2024), np.int32(2025)]","[np.int32(1), np.int32(2), np.int32(3), np.int32(4), np.int32(5), np.int32(6), np.int32(7), np.int32(8), np.int32(9), np.int32(10), np.int32(11), np.int32(12)]"
33235,2024-01-01 00:00:00+00:00,2025-04-18 23:45:00+00:00,"[np.int32(2024), np.int32(2025)]","[np.int32(1), np.int32(2), np.int32(3), np.int32(4), np.int32(5), np.int32(6), np.int32(7), np.int32(8), np.int32(9), np.int32(10), np.int32(11), np.int32(12)]"
33236,2024-01-01 00:00:00+00:00,2025-04-18 23:45:00+00:00,"[np.int32(2024), np.int32(2025)]","[np.int32(1), np.int32(2), np.int32(3), np.int32(4), np.int32(5), np.int32(6), np.int32(7), np.int32(8), np.int32(9), np.int32(10), np.int32(11), np.int32(12)]"
33237,2024-01-01 00:00:00+00:00,2025-04-02 23:45:00+00:00,"[np.int32(2024), np.int32(2025)]","[np.int32(1), np.int32(2), np.int32(3), np.int32(4), np.int32(5), np.int32(6), np.int32(7), np.int32(8), np.int32(9), np.int32(10), np.int32(11), np.int32(12)]"
33238,2024-01-01 00:00:00+00:00,2025-04-18 23:45:00+00:00,"[np.int32(2024), np.int32(2025)]","[np.int32(1), np.int32(2), np.int32(3), np.int32(4), np.int32(5), np.int32(6), np.int32(7), np.int32(8), np.int32(9), np.int32(10), np.int32(11), np.int32(12)]"
33239,2024-01-01 00:00:00+00:00,2025-04-18 23:45:00+00:00,"[np.int32(2024), np.int32(2025)]","[np.int32(1), np.int32(2), np.int32(3), np.int32(4), np.int32(5), np.int32(6), np.int32(7), np.int32(8), np.int32(9), np.int32(10), np.int32(11), np.int32(12)]"
33240,2024-01-01 00:00:00+00:00,2025-04-18 23:45:00+00:00,"[np.int32(2024), np.int32(2025)]","[np.int32(1), np.int32(2), np.int32(3), np.int32(4), np.int32(5), np.int32(6), np.int32(7), np.int32(8), np.int32(9), np.int32(10), np.int32(11), np.int32(12)]"
33241,2024-01-01 00:00:00+00:00,2024-08-18 23:00:00+00:00,[np.int32(2024)],"[np.int32(1), np.int32(2), np.int32(3), np.int32(4), np.int32(5), np.int32(6), np.int32(7), np.int32(8)]"
33242,2024-01-01 00:00:00+00:00,2024-08-18 23:00:00+00:00,[np.int32(2024)],"[np.int32(1), np.int32(2), np.int32(3), np.int32(4), np.int32(5), np.int32(6), np.int32(7), np.int32(8)]"
33243,2024-01-01 00:00:00+00:00,2025-04-02 23:45:00+00:00,"[np.int32(2024), np.int32(2025)]","[np.int32(1), np.int32(2), np.int32(3), np.int32(4), np.int32(5), np.int32(6), np.int32(7), np.int32(8), np.int32(9), np.int32(10), np.int32(11), np.int32(12)]"
33244,2024-01-01 00:00:00+00:00,2025-04-02 23:45:00+00:00,"[np.int32(2024), np.int32(2025)]","[np.int32(1), np.int32(2), np.int32(3), np.int32(4), np.int32(5), np.int32(6), np.int32(7), np.int32(8), np.int32(9), np.int32(10), np.int32(11), np.int32(12)]"
33245,2024-01-01 00:00:00+00:00,2025-04-18 23:45:00+00:00,"[np.int32(2024), np.int32(2025)]","[np.int32(1), np.int32(2), np.int32(3), np.int32(4), np.int32(5), np.int32(6), np.int32(7), np.int32(8), np.int32(9), np.int32(10), np.int32(11), np.int32(12)]"
33246,2024-01-01 00:00:00+00:00,2025-04-18 23:45:00+00:00,"[np.int32(2024), np.int32(2025)]","[np.int32(1), np.int32(2), np.int32(3), np.int32(4), np.int32(5), np.int32(6), np.int32(7), np.int32(8), np.int32(9), np.int32(10), np.int32(11), np.int32(12)]"
33247,2024-01-01 00:00:00+00:00,2025-04-18 23:45:00+00:00,"[np.int32(2024), np.int32(2025)]","[np.int32(1), np.int32(2), np.int32(3), np.int32(4), np.int32(5), np.int32(6), np.int32(7), np.int32(8), np.int32(9), np.int32(10), np.int32(11), np.int32(12)]"
33248,2024-01-01 00:00:00+00:00,2025-04-18 23:45:00+00:00,"[np.int32(2024), np.int32(2025)]","[np.int32(1), np.int32(2), np.int32(3), np.int32(4), np.int32(5), np.int32(6), np.int32(7), np.int32(8), np.int32(9), np.int32(10), np.int32(11), np.int32(12)]"
33249,2024-01-01 00:00:00+00:00,2025-04-18 23:45:00+00:00,"[np.int32(2024), np.int32(2025)]","[np.int32(1), np.int32(2), np.int32(3), np.int32(4), np.int32(5), np.int32(6), np.int32(7), np.int32(8), np.int32(9), np.int32(10), np.int32(11), np.int32(12)]"
33250,2024-01-01 00:00:00+00:00,2025-04-18 23:45:00+00:00,"[np.int32(2024), np.int32(2025)]","[np.int32(1), np.int32(2), np.int32(3), np.int32(4), np.int32(5), np.int32(6), np.int32(7), np.int32(8), np.int32(11), np.int32(12)]"
33251,2024-01-01 00:00:00+00:00,2025-04-18 23:45:00+00:00,"[np.int32(2024), np.int32(2025)]","[np.int32(1), np.int32(2), np.int32(3), np.int32(4), np.int32(5), np.int32(6), np.int32(7), np.int32(8), np.int32(9), np.int32(10), np.int32(11), np.int32(12)]"
33252,2024-01-01 00:00:00+00:00,2025-04-18 23:45:00+00:00,"[np.int32(2024), np.int32(2025)]","[np.int32(1), np.int32(2), np.int32(3), np.int32(4), np.int32(5), np.int32(6), np.int32(7), np.int32(8), np.int32(11), np.int32(12)]"
33253,2024-01-01 00:00:00+00:00,2024-08-18 23:00:00+00:00,[np.int32(2024)],"[np.int32(1), np.int32(2), np.int32(3), np.int32(4), np.int32(5), np.int32(6), np.int32(7), np.int32(8)]"
33254,2024-01-01 00:00:00+00:00,2024-08-18 23:00:00+00:00,[np.int32(2024)],"[np.int32(1), np.int32(2), np.int32(3), np.int32(4), np.int32(5), np.int32(6), np.int32(7), np.int32(8)]"
33255,2024-01-01 00:00:00+00:00,2024-08-18 23:00:00+00:00,[np.int32(2024)],"[np.int32(1), np.int32(2), np.int32(3), np.int32(4), np.int32(5), np.int32(6), np.int32(7), np.int32(8)]"
33256,2024-01-01 00:00:00+00:00,2025-04-18 23:45:00+00:00,"[np.int32(2024), np.int32(2025)]","[np.int32(1), np.int32(2), np.int32(3), np.int32(4), np.int32(5), np.int32(6), np.int32(7), np.int32(8), np.int32(11), np.int32(12)]"
33257,2024-01-01 00:00:00+00:00,2024-08-18 23:00:00+00:00,[np.int32(2024)],"[np.int32(1), np.int32(2), np.int32(3), np.int32(4), np.int32(5), np.int32(6), np.int32(7), np.int32(8)]"
33258,2024-01-01 00:00:00+00:00,2024-08-18 23:00:00+00:00,[np.int32(2024)],"[np.int32(1), np.int32(2), np.int32(3), np.int32(4), np.int32(5), np.int32(6), np.int32(7), np.int32(8)]"
33259,2024-01-01 00:00:00+00:00,2025-04-18 23:45:00+00:00,"[np.int32(2024), np.int32(2025)]","[np.int32(1), np.int32(2), np.int32(3), np.int32(4), np.int32(5), np.int32(6), np.int32(7), np.int32(8), np.int32(11), np.int32(12)]"
33260,2024-01-01 00:00:00+00:00,2024-08-18 23:00:00+00:00,[np.int32(2024)],"[np.int32(1), np.int32(2), np.int32(3), np.int32(4), np.int32(5), np.int32(6), np.int32(7), np.int32(8)]"
33261,2024-01-01 00:00:00+00:00,2024-08-18 23:00:00+00:00,[np.int32(2024)],"[np.int32(1), np.int32(2), np.int32(3), np.int32(4), np.int32(5), np.int32(6), np.int32(7), np.int32(8)]"
33262,2024-01-01 00:00:00+00:00,2024-08-18 23:00:00+00:00,[np.int32(2024)],"[np.int32(1), np.int32(2), np.int32(3), np.int32(4), np.int32(5), np.int32(6), np.int32(7), np.int32(8)]"
33263,2024-01-01 00:00:00+00:00,2024-08-18 23:00:00+00:00,[np.int32(2024)],"[np.int32(1), np.int32(2), np.int32(3), np.int32(4), np.int32(5), np.int32(6), np.int32(7), np.int32(8)]"
33264,2024-01-01 00:00:00+00:00,2024-08-18 23:00:00+00:00,[np.int32(2024)],"[np.int32(1), np.int32(2), np.int32(3), np.int32(4), np.int32(5), np.int32(6), np.int32(7), np.int32(8)]"
33265,2024-01-01 00:00:00+00:00,2025-04-18 23:45:00+00:00,"[np.int32(2024), np.int32(2025)]","[np.int32(1), np.int32(2), np.int32(3), np.int32(4), np.int32(5), np.int32(6), np.int32(7), np.int32(8), np.int32(11), np.int32(12)]"
33266,2024-01-01 00:00:00+00:00,2024-08-18 23:00:00+00:00,[np.int32(2024)],"[np.int32(1), np.int32(2), np.int32(3), np.int32(4), np.int32(5), np.int32(6), np.int32(7), np.int32(8)]"
33267,2024-01-01 00:00:00+00:00,2024-08-18 23:00:00+00:00,[np.int32(2024)],"[np.int32(1), np.int32(2), np.int32(3), np.int32(4), np.int32(5), np.int32(6), np.int32(7), np.int32(8)]"
33268,2024-01-01 00:00:00+00:00,2024-08-18 23:00:00+00:00,[np.int32(2024)],"[np.int32(1), np.int32(2), np.int32(3), np.int32(4), np.int32(5), np.int32(6), np.int32(7), np.int32(8)]"
33269,2024-01-01 00:00:00+00:00,2025-04-18 23:45:00+00:00,"[np.int32(2024), np.int32(2025)]","[np.int32(1), np.int32(2), np.int32(3), np.int32(4), np.int32(5), np.int32(6), np.int32(7), np.int32(8), np.int32(11), np.int32(12)]"
33270,2024-01-01 00:00:00+00:00,2024-08-18 23:00:00+00:00,[np.int32(2024)],"[np.int32(1), np.int32(2), np.int32(3), np.int32(4), np.int32(5), np.int32(6), np.int32(7), np.int32(8)]"
33271,2024-01-01 00:00:00+00:00,2024-08-18 23:00:00+00:00,[np.int32(2024)],"[np.int32(1), np.int32(2), np.int32(3), np.int32(4), np.int32(5), np.int32(6), np.int32(7), np.int32(8)]"
33273,2024-11-13 00:00:00+00:00,2025-04-18 23:45:00+00:00,"[np.int32(2024), np.int32(2025)]","[np.int32(1), np.int32(2), np.int32(3), np.int32(4), np.int32(11), np.int32(12)]"
33274,2024-01-01 00:00:00+00:00,2025-04-18 23:45:00+00:00,"[np.int32(2024), np.int32(2025)]","[np.int32(1), np.int32(2), np.int32(3), np.int32(4), np.int32(5), np.int32(6), np.int32(7), np.int32(8), np.int32(11), np.int32(12)]"
33275,2024-11-19 00:00:00+00:00,2025-04-18 23:45:00+00:00,"[np.int32(2024), np.int32(2025)]","[np.int32(1), np.int32(2), np.int32(3), np.int32(4), np.int32(11), np.int32(12)]"
33276,2024-01-01 00:00:00+00:00,2025-04-18 23:45:00+00:00,"[np.int32(2024), np.int32(2025)]","[np.int32(1), np.int32(2), np.int32(3), np.int32(4), np.int32(5), np.int32(6), np.int32(7), np.int32(8), np.int32(9), np.int32(10), np.int32(11), np.int32(12)]"
33277,2024-01-01 00:00:00+00:00,2025-04-18 23:45:00+00:00,"[np.int32(2024), np.int32(2025)]","[np.int32(1), np.int32(2), np.int32(3), np.int32(4), np.int32(5), np.int32(6), np.int32(7), np.int32(8), np.int32(9), np.int32(10), np.int32(11), np.int32(12)]"
33278,2024-01-01 00:00:00+00:00,2025-04-18 23:45:00+00:00,"[np.int32(2024), np.int32(2025)]","[np.int32(1), np.int32(2), np.int32(3), np.int32(4), np.int32(5), np.int32(6), np.int32(7), np.int32(8), np.int32(9), np.int32(10), np.int32(11), np.int32(12)]"
33279,2024-01-01 00:00:00+00:00,2025-04-18 23:45:00+00:00,"[np.int32(2024), np.int32(2025)]","[np.int32(1), np.int32(2), np.int32(3), np.int32(4), np.int32(5), np.int32(6), np.int32(7), np.int32(8), np.int32(11), np.int32(12)]"
33280,2024-01-01 00:00:00+00:00,2025-04-18 23:45:00+00:00,"[np.int32(2024), np.int32(2025)]","[np.int32(1), np.int32(2), np.int32(3), np.int32(4), np.int32(5), np.int32(6), np.int32(7), np.int32(8), np.int32(9), np.int32(10), np.int32(11), np.int32(12)]"
33281,2024-01-01 00:00:00+00:00,2025-04-18 23:45:00+00:00,"[np.int32(2024), np.int32(2025)]","[np.int32(1), np.int32(2), np.int32(3), np.int32(4), np.int32(5), np.int32(6), np.int32(7), np.int32(8), np.int32(11), np.int32(12)]"
33282,2024-01-01 00:00:00+00:00,2025-04-02 23:45:00+00:00,"[np.int32(2024), np.int32(2025)]","[np.int32(1), np.int32(2), np.int32(3), np.int32(4), np.int32(5), np.int32(6), np.int32(7), np.int32(8), np.int32(9), np.int32(10), np.int32(11), np.int32(12)]"
33283,2024-01-01 00:00:00+00:00,2025-04-18 23:45:00+00:00,"[np.int32(2024), np.int32(2025)]","[np.int32(1), np.int32(2), np.int32(3), np.int32(4), np.int32(5), np.int32(6), np.int32(7), np.int32(8), np.int32(9), np.int32(10), np.int32(11), np.int32(12)]"
33284,2024-11-19 00:00:00+00:00,2025-04-18 23:45:00+00:00,"[np.int32(2024), np.int32(2025)]","[np.int32(1), np.int32(2), np.int32(3), np.int32(4), np.int32(11), np.int32(12)]"
33285,2024-01-01 00:00:00+00:00,2025-04-18 23:45:00+00:00,"[np.int32(2024), np.int32(2025)]","[np.int32(1), np.int32(2), np.int32(3), np.int32(4), np.int32(5), np.int32(6), np.int32(7), np.int32(8), np.int32(9), np.int32(10), np.int32(11), np.int32(12)]"
33286,2024-11-19 00:00:00+00:00,2025-04-18 23:45:00+00:00,"[np.int32(2024), np.int32(2025)]","[np.int32(1), np.int32(2), np.int32(3), np.int32(4), np.int32(11), np.int32(12)]"
33287,2024-01-01 00:00:00+00:00,2025-04-18 23:45:00+00:00,"[np.int32(2024), np.int32(2025)]","[np.int32(1), np.int32(2), np.int32(3), np.int32(4), np.int32(5), np.int32(6), np.int32(7), np.int32(8), np.int32(9), np.int32(10), np.int32(11), np.int32(12)]"
33288,2024-01-01 00:00:00+00:00,2025-04-18 23:45:00+00:00,"[np.int32(2024), np.int32(2025)]","[np.int32(1), np.int32(2), np.int32(3), np.int32(4), np.int32(5), np.int32(6), np.int32(7), np.int32(8), np.int32(9), np.int32(10), np.int32(11), np.int32(12)]"
33289,2024-01-01 00:00:00+00:00,2025-04-18 23:45:00+00:00,"[np.int32(2024), np.int32(2025)]","[np.int32(1), np.int32(2), np.int32(3), np.int32(4), np.int32(5), np.int32(6), np.int32(7), np.int32(8), np.int32(9), np.int32(10), np.int32(11), np.int32(12)]"
33290,2024-01-01 00:00:00+00:00,2025-04-18 23:45:00+00:00,"[np.int32(2024), np.int32(2025)]","[np.int32(1), np.int32(2), np.int32(3), np.int32(4), np.int32(5), np.int32(6), np.int32(7), np.int32(8), np.int32(9), np.int32(10), np.int32(11), np.int32(12)]"
33291,2024-01-01 00:00:00+00:00,2025-04-18 23:45:00+00:00,"[np.int32(2024), np.int32(2025)]","[np.int32(1), np.int32(2), np.int32(3), np.int32(4), np.int32(5), np.int32(6), np.int32(7), np.int32(8), np.int32(9), np.int32(10), np.int32(11), np.int32(12)]"
33292,2024-01-01 00:00:00+00:00,2025-04-18 23:45:00+00:00,"[np.int32(2024), np.int32(2025)]","[np.int32(1), np.int32(2), np.int32(3), np.int32(4), np.int32(5), np.int32(6), np.int32(7), np.int32(8), np.int32(9), np.int32(10), np.int32(11), np.int32(12)]"
33293,2024-01-01 00:00:00+00:00,2025-04-18 23:45:00+00:00,"[np.int32(2024), np.int32(2025)]","[np.int32(1), np.int32(2), np.int32(3), np.int32(4), np.int32(5), np.int32(6), np.int32(7), np.int32(8), np.int32(9), np.int32(10), np.int32(11), np.int32(12)]"
33294,2024-01-01 00:00:00+00:00,2025-04-18 23:45:00+00:00,"[np.int32(2024), np.int32(2025)]","[np.int32(1), np.int32(2), np.int32(3), np.int32(4), np.int32(5), np.int32(6), np.int32(7), np.int32(8), np.int32(9), np.int32(10), np.int32(11), np.int32(12)]"
33295,2024-01-01 00:00:00+00:00,2025-04-18 23:45:00+00:00,"[np.int32(2024), np.int32(2025)]","[np.int32(1), np.int32(2), np.int32(3), np.int32(4), np.int32(5), np.int32(6), np.int32(7), np.int32(8), np.int32(9), np.int32(10), np.int32(11), np.int32(12)]"
33296,2024-01-01 00:00:00+00:00,2025-04-18 23:45:00+00:00,"[np.int32(2024), np.int32(2025)]","[np.int32(1), np.int32(2), np.int32(3), np.int32(4), np.int32(5), np.int32(6), np.int32(7), np.int32(8), np.int32(9), np.int32(10), np.int32(11), np.int32(12)]"
33297,2024-01-01 00:00:00+00:00,2025-04-18 23:45:00+00:00,"[np.int32(2024), np.int32(2025)]","[np.int32(1), np.int32(2), np.int32(3), np.int32(4), np.int32(5), np.int32(6), np.int32(7), np.int32(8), np.int32(9), np.int32(10), np.int32(11), np.int32(12)]"
33298,2024-01-01 00:00:00+00:00,2025-04-18 23:45:00+00:00,"[np.int32(2024), np.int32(2025)]","[np.int32(1), np.int32(2), np.int32(3), np.int32(4), np.int32(5), np.int32(6), np.int32(7), np.int32(8), np.int32(9), np.int32(10), np.int32(11), np.int32(12)]"
33299,2024-01-01 00:00:00+00:00,2025-04-18 23:45:00+00:00,"[np.int32(2024), np.int32(2025)]","[np.int32(1), np.int32(2), np.int32(3), np.int32(4), np.int32(5), np.int32(6), np.int32(7), np.int32(8), np.int32(9), np.int32(10), np.int32(11), np.int32(12)]"
33300,2024-01-01 00:00:00+00:00,2025-04-18 23:45:00+00:00,"[np.int32(2024), np.int32(2025)]","[np.int32(1), np.int32(2), np.int32(3), np.int32(4), np.int32(5), np.int32(6), np.int32(7), np.int32(8), np.int32(9), np.int32(10), np.int32(11), np.int32(12)]"
33301,2024-01-01 00:00:00+00:00,2025-04-18 23:45:00+00:00,"[np.int32(2024), np.int32(2025)]","[np.int32(1), np.int32(2), np.int32(3), np.int32(4), np.int32(5), np.int32(6), np.int32(7), np.int32(8), np.int32(9), np.int32(10), np.int32(11), np.int32(12)]"
33302,2024-01-01 00:00:00+00:00,2025-04-18 23:45:00+00:00,"[np.int32(2024), np.int32(2025)]","[np.int32(1), np.int32(2), np.int32(3), np.int32(4), np.int32(5), np.int32(6), np.int32(7), np.int32(8), np.int32(9), np.int32(10), np.int32(11), np.int32(12)]"
33303,2024-01-01 00:00:00+00:00,2025-04-02 23:45:00+00:00,"[np.int32(2024), np.int32(2025)]","[np.int32(1), np.int32(2), np.int32(3), np.int32(4), np.int32(5), np.int32(6), np.int32(7), np.int32(8), np.int32(9), np.int32(10), np.int32(11), np.int32(12)]"
33304,2024-01-01 00:00:00+00:00,2025-04-02 23:45:00+00:00,"[np.int32(2024), np.int32(2025)]","[np.int32(1), np.int32(2), np.int32(3), np.int32(4), np.int32(5), np.int32(6), np.int32(7), np.int32(8), np.int32(9), np.int32(10), np.int32(11), np.int32(12)]"
33305,2024-01-01 00:00:00+00:00,2025-04-18 23:45:00+00:00,"[np.int32(2024), np.int32(2025)]","[np.int32(1), np.int32(2), np.int32(3), np.int32(4), np.int32(5), np.int32(6), np.int32(7), np.int32(8), np.int32(9), np.int32(10), np.int32(11), np.int32(12)]"
33306,2024-01-01 00:00:00+00:00,2025-04-18 23:45:00+00:00,"[np.int32(2024), np.int32(2025)]","[np.int32(1), np.int32(2), np.int32(3), np.int32(4), np.int32(5), np.int32(6), np.int32(7), np.int32(8), np.int32(9), np.int32(10), np.int32(11), np.int32(12)]"
33307,2024-01-01 00:00:00+00:00,2024-08-18 23:00:00+00:00,[np.int32(2024)],"[np.int32(1), np.int32(2), np.int32(3), np.int32(4), np.int32(5), np.int32(6), np.int32(7), np.int32(8)]"
33316,2024-01-01 00:00:00+00:00,2025-04-18 23:45:00+00:00,"[np.int32(2024), np.int32(2025)]","[np.int32(1), np.int32(2), np.int32(3), np.int32(4), np.int32(5), np.int32(6), np.int32(7), np.int32(8), np.int32(9), np.int32(10), np.int32(11), np.int32(12)]"
33317,2024-11-19 00:00:00+00:00,2025-04-18 23:45:00+00:00,"[np.int32(2024), np.int32(2025)]","[np.int32(1), np.int32(2), np.int32(3), np.int32(4), np.int32(11), np.int32(12)]"
33318,2024-01-01 00:00:00+00:00,2025-04-18 23:45:00+00:00,"[np.int32(2024), np.int32(2025)]","[np.int32(1), np.int32(2), np.int32(3), np.int32(4), np.int32(5), np.int32(6), np.int32(7), np.int32(8), np.int32(9), np.int32(10), np.int32(11), np.int32(12)]"
33319,2024-11-19 00:00:00+00:00,2025-04-18 23:45:00+00:00,"[np.int32(2024), np.int32(2025)]","[np.int32(1), np.int32(2), np.int32(3), np.int32(4), np.int32(11), np.int32(12)]"
33320,2024-01-01 00:00:00+00:00,2025-04-02 23:45:00+00:00,"[np.int32(2024), np.int32(2025)]","[np.int32(1), np.int32(2), np.int32(3), np.int32(4), np.int32(5), np.int32(6), np.int32(7), np.int32(8), np.int32(9), np.int32(10), np.int32(11), np.int32(12)]"
33321,2024-01-01 00:00:00+00:00,2025-04-02 23:45:00+00:00,"[np.int32(2024), np.int32(2025)]","[np.int32(1), np.int32(2), np.int32(3), np.int32(4), np.int32(5), np.int32(6), np.int32(7), np.int32(8), np.int32(9), np.int32(10), np.int32(11), np.int32(12)]"
33322,2024-01-01 00:00:00+00:00,2025-04-02 23:45:00+00:00,"[np.int32(2024), np.int32(2025)]","[np.int32(1), np.int32(2), np.int32(3), np.int32(4), np.int32(5), np.int32(6), np.int32(7), np.int32(8), np.int32(9), np.int32(10), np.int32(11), np.int32(12)]"
33323,2024-01-01 00:00:00+00:00,2025-04-02 23:45:00+00:00,"[np.int32(2024), np.int32(2025)]","[np.int32(1), np.int32(2), np.int32(3), np.int32(4), np.int32(5), np.int32(6), np.int32(7), np.int32(8), np.int32(9), np.int32(10), np.int32(11), np.int32(12)]"
33324,2024-01-01 00:00:00+00:00,2025-04-18 23:45:00+00:00,"[np.int32(2024), np.int32(2025)]","[np.int32(1), np.int32(2), np.int32(3), np.int32(4), np.int32(5), np.int32(6), np.int32(7), np.int32(8), np.int32(9), np.int32(10), np.int32(11), np.int32(12)]"
33325,2024-09-16 00:00:00+00:00,2025-04-18 23:45:00+00:00,"[np.int32(2024), np.int32(2025)]","[np.int32(1), np.int32(2), np.int32(3), np.int32(4), np.int32(9), np.int32(10), np.int32(11), np.int32(12)]"
33326,2024-01-01 00:00:00+00:00,2025-04-18 23:45:00+00:00,"[np.int32(2024), np.int32(2025)]","[np.int32(1), np.int32(2), np.int32(3), np.int32(4), np.int32(5), np.int32(6), np.int32(7), np.int32(8), np.int32(9), np.int32(10), np.int32(11), np.int32(12)]"
33327,2024-11-13 00:00:00+00:00,2025-04-18 23:45:00+00:00,"[np.int32(2024), np.int32(2025)]","[np.int32(1), np.int32(2), np.int32(3), np.int32(4), np.int32(11), np.int32(12)]"
33328,2024-01-01 00:00:00+00:00,2025-04-18 23:45:00+00:00,"[np.int32(2024), np.int32(2025)]","[np.int32(1), np.int32(2), np.int32(3), np.int32(4), np.int32(5), np.int32(6), np.int32(7), np.int32(8), np.int32(9), np.int32(10), np.int32(11), np.int32(12)]"
33329,2024-11-13 00:00:00+00:00,2025-04-18 23:45:00+00:00,"[np.int32(2024), np.int32(2025)]","[np.int32(1), np.int32(2), np.int32(3), np.int32(4), np.int32(11), np.int32(12)]"
33330,2024-01-01 00:00:00+00:00,2025-04-18 23:45:00+00:00,"[np.int32(2024), np.int32(2025)]","[np.int32(1), np.int32(2), np.int32(3), np.int32(4), np.int32(5), np.int32(6), np.int32(7), np.int32(8), np.int32(11), np.int32(12)]"
33331,2024-01-01 00:00:00+00:00,2024-08-18 23:00:00+00:00,[np.int32(2024)],"[np.int32(1), np.int32(2), np.int32(3), np.int32(4), np.int32(5), np.int32(6), np.int32(7), np.int32(8)]"
33332,2024-01-01 00:00:00+00:00,2024-08-18 23:00:00+00:00,[np.int32(2024)],"[np.int32(1), np.int32(2), np.int32(3), np.int32(4), np.int32(5), np.int32(6), np.int32(7), np.int32(8)]"
33334,2024-01-01 00:00:00+00:00,2024-08-18 23:00:00+00:00,[np.int32(2024)],"[np.int32(1), np.int32(2), np.int32(3), np.int32(4), np.int32(5), np.int32(6), np.int32(7), np.int32(8)]"
33335,2024-01-01 00:00:00+00:00,2024-08-18 23:00:00+00:00,[np.int32(2024)],"[np.int32(1), np.int32(2), np.int32(3), np.int32(4), np.int32(5), np.int32(6), np.int32(7), np.int32(8)]"
33336,2024-01-01 00:00:00+00:00,2025-04-18 23:45:00+00:00,"[np.int32(2024), np.int32(2025)]","[np.int32(1), np.int32(2), np.int32(3), np.int32(4), np.int32(5), np.int32(6), np.int32(7), np.int32(8), np.int32(11), np.int32(12)]"
33339,2024-01-01 00:00:00+00:00,2025-04-18 23:45:00+00:00,"[np.int32(2024), np.int32(2025)]","[np.int32(1), np.int32(2), np.int32(3), np.int32(4), np.int32(5), np.int32(6), np.int32(7), np.int32(8), np.int32(9), np.int32(10), np.int32(11), np.int32(12)]"
33340,2024-01-01 00:00:00+00:00,2025-04-18 23:45:00+00:00,"[np.int32(2024), np.int32(2025)]","[np.int32(1), np.int32(2), np.int32(3), np.int32(4), np.int32(5), np.int32(6), np.int32(7), np.int32(8), np.int32(9), np.int32(10), np.int32(11), np.int32(12)]"
33341,2024-01-01 00:00:00+00:00,2025-04-18 23:45:00+00:00,"[np.int32(2024), np.int32(2025)]","[np.int32(1), np.int32(2), np.int32(3), np.int32(4), np.int32(5), np.int32(6), np.int32(7), np.int32(8), np.int32(11), np.int32(12)]"
33342,2024-01-01 00:00:00+00:00,2025-04-18 23:45:00+00:00,"[np.int32(2024), np.int32(2025)]","[np.int32(1), np.int32(2), np.int32(3), np.int32(4), np.int32(5), np.int32(6), np.int32(7), np.int32(8), np.int32(9), np.int32(10), np.int32(11), np.int32(12)]"
33343,2024-01-01 00:00:00+00:00,2025-04-18 23:45:00+00:00,"[np.int32(2024), np.int32(2025)]","[np.int32(1), np.int32(2), np.int32(3), np.int32(4), np.int32(5), np.int32(6), np.int32(7), np.int32(8), np.int32(11), np.int32(12)]"
33344,2024-01-01 00:00:00+00:00,2025-04-18 23:45:00+00:00,"[np.int32(2024), np.int32(2025)]","[np.int32(1), np.int32(2), np.int32(3), np.int32(4), np.int32(5), np.int32(6), np.int32(7), np.int32(8), np.int32(11), np.int32(12)]"
33345,2024-01-01 00:00:00+00:00,2025-04-18 23:45:00+00:00,"[np.int32(2024), np.int32(2025)]","[np.int32(1), np.int32(2), np.int32(3), np.int32(4), np.int32(5), np.int32(6), np.int32(7), np.int32(8), np.int32(11), np.int32(12)]"
33346,2024-01-01 00:00:00+00:00,2025-04-18 23:45:00+00:00,"[np.int32(2024), np.int32(2025)]","[np.int32(1), np.int32(2), np.int32(3), np.int32(4), np.int32(5), np.int32(6), np.int32(7), np.int32(8), np.int32(11), np.int32(12)]"
33347,2024-01-01 00:00:00+00:00,2025-04-18 23:45:00+00:00,"[np.int32(2024), np.int32(2025)]","[np.int32(1), np.int32(2), np.int32(3), np.int32(4), np.int32(5), np.int32(6), np.int32(7), np.int32(8), np.int32(11), np.int32(12)]"
33348,2024-01-01 00:00:00+00:00,2025-04-18 23:45:00+00:00,"[np.int32(2024), np.int32(2025)]","[np.int32(1), np.int32(2), np.int32(3), np.int32(4), np.int32(5), np.int32(6), np.int32(7), np.int32(8), np.int32(11), np.int32(12)]"
33349,2024-01-01 00:00:00+00:00,2025-04-18 23:45:00+00:00,"[np.int32(2024), np.int32(2025)]","[np.int32(1), np.int32(2), np.int32(3), np.int32(4), np.int32(5), np.int32(6), np.int32(7), np.int32(8), np.int32(11), np.int32(12)]"
33350,2024-01-01 00:00:00+00:00,2025-04-18 23:45:00+00:00,"[np.int32(2024), np.int32(2025)]","[np.int32(1), np.int32(2), np.int32(3), np.int32(4), np.int32(5), np.int32(6), np.int32(7), np.int32(8), np.int32(9), np.int32(10), np.int32(11), np.int32(12)]"
33351,2024-01-01 00:00:00+00:00,2025-04-18 23:45:00+00:00,"[np.int32(2024), np.int32(2025)]","[np.int32(1), np.int32(2), np.int32(3), np.int32(4), np.int32(5), np.int32(6), np.int32(7), np.int32(8), np.int32(9), np.int32(10), np.int32(11), np.int32(12)]"
33352,2024-01-01 00:00:00+00:00,2024-08-18 23:00:00+00:00,[np.int32(2024)],"[np.int32(1), np.int32(2), np.int32(3), np.int32(4), np.int32(5), np.int32(6), np.int32(7), np.int32(8)]"
33353,2024-01-01 00:00:00+00:00,2025-04-18 23:45:00+00:00,"[np.int32(2024), np.int32(2025)]","[np.int32(1), np.int32(2), np.int32(3), np.int32(4), np.int32(5), np.int32(6), np.int32(7), np.int32(8), np.int32(11), np.int32(12)]"
33354,2024-01-01 00:00:00+00:00,2025-04-18 23:45:00+00:00,"[np.int32(2024), np.int32(2025)]","[np.int32(1), np.int32(2), np.int32(3), np.int32(4), np.int32(5), np.int32(6), np.int32(7), np.int32(8), np.int32(9), np.int32(10), np.int32(11), np.int32(12)]"
33355,2024-01-01 00:00:00+00:00,2025-04-02 23:45:00+00:00,"[np.int32(2024), np.int32(2025)]","[np.int32(1), np.int32(2), np.int32(3), np.int32(4), np.int32(5), np.int32(6), np.int32(7), np.int32(8), np.int32(9), np.int32(10), np.int32(11), np.int32(12)]"
33356,2024-01-01 00:00:00+00:00,2025-04-18 23:45:00+00:00,"[np.int32(2024), np.int32(2025)]","[np.int32(1), np.int32(2), np.int32(3), np.int32(4), np.int32(5), np.int32(6), np.int32(7), np.int32(8), np.int32(11), np.int32(12)]"
33357,2024-01-01 00:00:00+00:00,2024-08-18 23:00:00+00:00,[np.int32(2024)],"[np.int32(1), np.int32(2), np.int32(3), np.int32(4), np.int32(5), np.int32(6), np.int32(7), np.int32(8)]"
33358,2024-01-01 00:00:00+00:00,2024-08-18 23:00:00+00:00,[np.int32(2024)],"[np.int32(1), np.int32(2), np.int32(3), np.int32(4), np.int32(5), np.int32(6), np.int32(7), np.int32(8)]"
33360,2024-01-01 00:00:00+00:00,2024-08-18 23:00:00+00:00,[np.int32(2024)],"[np.int32(1), np.int32(2), np.int32(3), np.int32(4), np.int32(5), np.int32(6), np.int32(7), np.int32(8)]"
33361,2024-01-01 00:00:00+00:00,2024-08-18 23:00:00+00:00,[np.int32(2024)],"[np.int32(1), np.int32(2), np.int32(3), np.int32(4), np.int32(5), np.int32(6), np.int32(7), np.int32(8)]"
33362,2024-01-01 00:00:00+00:00,2024-08-18 23:00:00+00:00,[np.int32(2024)],"[np.int32(1), np.int32(2), np.int32(3), np.int32(4), np.int32(5), np.int32(6), np.int32(7), np.int32(8)]"
33370,2024-01-01 00:00:00+00:00,2025-04-18 23:45:00+00:00,"[np.int32(2024), np.int32(2025)]","[np.int32(1), np.int32(2), np.int32(3), np.int32(4), np.int32(5), np.int32(6), np.int32(7), np.int32(8), np.int32(11), np.int32(12)]"
33371,2024-01-01 00:00:00+00:00,2024-08-18 23:00:00+00:00,[np.int32(2024)],"[np.int32(1), np.int32(2), np.int32(3), np.int32(4), np.int32(5), np.int32(6), np.int32(7), np.int32(8)]"
33372,2024-01-01 00:00:00+00:00,2024-08-18 23:00:00+00:00,[np.int32(2024)],"[np.int32(1), np.int32(2), np.int32(3), np.int32(4), np.int32(5), np.int32(6), np.int32(7), np.int32(8)]"
33374,2024-01-01 00:00:00+00:00,2024-08-18 23:00:00+00:00,[np.int32(2024)],"[np.int32(1), np.int32(2), np.int32(3), np.int32(4), np.int32(5), np.int32(6), np.int32(7), np.int32(8)]"
33375,2024-01-01 00:00:00+00:00,2024-08-18 23:00:00+00:00,[np.int32(2024)],"[np.int32(1), np.int32(2), np.int32(3), np.int32(4), np.int32(5), np.int32(6), np.int32(7), np.int32(8)]"
33376,2024-01-01 00:00:00+00:00,2025-04-18 23:45:00+00:00,"[np.int32(2024), np.int32(2025)]","[np.int32(1), np.int32(2), np.int32(3), np.int32(4), np.int32(5), np.int32(6), np.int32(7), np.int32(8), np.int32(11), np.int32(12)]"
33388,2024-11-21 00:00:00+00:00,2025-04-18 23:45:00+00:00,"[np.int32(2024), np.int32(2025)]","[np.int32(1), np.int32(2), np.int32(3), np.int32(4), np.int32(11), np.int32(12)]"
33389,2024-11-21 00:00:00+00:00,2025-04-18 23:45:00+00:00,"[np.int32(2024), np.int32(2025)]","[np.int32(1), np.int32(2), np.int32(3), np.int32(4), np.int32(11), np.int32(12)]"
33390,2024-11-21 00:00:00+00:00,2025-04-18 23:45:00+00:00,"[np.int32(2024), np.int32(2025)]","[np.int32(1), np.int32(2), np.int32(3), np.int32(4), np.int32(11), np.int32(12)]"
33391,2024-11-21 00:00:00+00:00,2025-04-18 23:45:00+00:00,"[np.int32(2024), np.int32(2025)]","[np.int32(1), np.int32(2), np.int32(3), np.int32(4), np.int32(11), np.int32(12)]"
33392,2024-11-21 00:00:00+00:00,2025-04-18 23:45:00+00:00,"[np.int32(2024), np.int32(2025)]","[np.int32(1), np.int32(2), np.int32(3), np.int32(4), np.int32(11), np.int32(12)]"
33393,2024-11-21 00:00:00+00:00,2025-04-18 23:45:00+00:00,"[np.int32(2024), np.int32(2025)]","[np.int32(1), np.int32(2), np.int32(3), np.int32(4), np.int32(11), np.int32(12)]"
33394,2024-11-21 00:00:00+00:00,2025-04-18 23:45:00+00:00,"[np.int32(2024), np.int32(2025)]","[np.int32(1), np.int32(2), np.int32(3), np.int32(4), np.int32(11), np.int32(12)]"
33395,2024-11-21 00:00:00+00:00,2025-04-18 23:45:00+00:00,"[np.int32(2024), np.int32(2025)]","[np.int32(1), np.int32(2), np.int32(3), np.int32(4), np.int32(11), np.int32(12)]"
33396,2024-09-27 00:00:00+00:00,2025-04-02 23:45:00+00:00,"[np.int32(2024), np.int32(2025)]","[np.int32(1), np.int32(2), np.int32(3), np.int32(4), np.int32(9), np.int32(10), np.int32(11), np.int32(12)]"
33409,2024-10-01 00:00:00+00:00,2025-04-02 23:45:00+00:00,"[np.int32(2024), np.int32(2025)]","[np.int32(1), np.int32(2), np.int32(3), np.int32(4), np.int32(10), np.int32(11), np.int32(12)]"
33410,2024-12-17 00:00:00+00:00,2025-04-18 23:45:00+00:00,"[np.int32(2024), np.int32(2025)]","[np.int32(1), np.int32(2), np.int32(3), np.int32(4), np.int32(12)]"
33411,2024-12-17 00:00:00+00:00,2025-04-18 23:45:00+00:00,"[np.int32(2024), np.int32(2025)]","[np.int32(1), np.int32(2), np.int32(3), np.int32(4), np.int32(12)]"
33424,2025-02-18 00:00:00+00:00,2025-04-18 23:45:00+00:00,[np.int32(2025)],"[np.int32(2), np.int32(3), np.int32(4)]"
33425,2025-02-18 00:00:00+00:00,2025-04-18 23:45:00+00:00,[np.int32(2025)],"[np.int32(2), np.int32(3), np.int32(4)]"
33426,2025-02-18 00:00:00+00:00,2025-02-18 23:45:00+00:00,[np.int32(2025)],[np.int32(2)]
33427,2025-02-19 00:00:00+00:00,2025-04-18 23:45:00+00:00,[np.int32(2025)],"[np.int32(2), np.int32(3), np.int32(4)]"
33428,2025-02-18 00:00:00+00:00,2025-04-18 23:45:00+00:00,[np.int32(2025)],"[np.int32(2), np.int32(3), np.int32(4)]"
33429,2025-02-18 00:00:00+00:00,2025-04-18 23:45:00+00:00,[np.int32(2025)],"[np.int32(2), np.int32(3), np.int32(4)]"
33430,2025-02-18 00:00:00+00:00,2025-04-18 23:45:00+00:00,[np.int32(2025)],"[np.int32(2), np.int32(3), np.int32(4)]"
33432,2025-02-18 00:00:00+00:00,2025-04-18 23:45:00+00:00,[np.int32(2025)],"[np.int32(2), np.int32(3), np.int32(4)]"
33433,2025-02-18 00:00:00+00:00,2025-04-18 23:45:00+00:00,[np.int32(2025)],"[np.int32(2), np.int32(3), np.int32(4)]"
33434,2025-02-18 00:00:00+00:00,2025-04-18 23:45:00+00:00,[np.int32(2025)],"[np.int32(2), np.int32(3), np.int32(4)]"
33436,2025-02-20 00:00:00+00:00,2025-04-18 23:45:00+00:00,[np.int32(2025)],"[np.int32(2), np.int32(3), np.int32(4)]"
33442,2025-02-20 00:00:00+00:00,2025-04-18 23:45:00+00:00,[np.int32(2025)],"[np.int32(2), np.int32(3), np.int32(4)]"
