FEEDER_ID,FROM_TO,SOURCE_LOCATION,DESTINATION_LOCATION,RANK,LATEST_DT_DATE,DT_LOAD,LOCATION
15452,6811-HTConsumer,1S-MH-MU-ZST-CL02-0298,nan,5.1,,,nan
15455,35013-nan,1S-MH-MU-ZST-CL02-0969,nan,6,,,nan
15455,35015-nan,1S-MH-MU-ZST-CL02-0969,nan,5.2,,,nan
15458,15458-CAP BANK,1S-MH-MU-ZST-RSTN-24TH,1S-MH-MU-ZST-RSTN-24TH,1,2011-08-17,446.2212121212121,1S-MH-MU-ZST-RSTN-24TH
29201,35758-HTConsumer,1S-MH-MU-ZET-CL11-9488,nan,4.1,,,nan
29205,29205-CAP BANK,1S-MH-MU-ZET-RSTN-ACRO,1S-MH-MU-ZET-RSTN-ACRO,1,2011-03-29,154.31034482758622,1S-MH-MU-ZET-RSTN-ACRO
29207,2873-HTConsumer,1S-MH-MU-ZET-CL11-8116,nan,3.1,,,nan
29211,31636-HTConsumer,1S-MH-MU-ZET-CL11-8909,nan,2.1,,,nan
29212,12819-HTConsumer,1S-MH-MU-ZET-CL11-8060,nan,2.1,,,nan
29214,29214-CAP BANK,1S-MH-MU-ZET-RSTN-ACRO,1S-MH-MU-ZET-RSTN-ACRO,1,2011-03-29,154.31034482758622,1S-MH-MU-ZET-RSTN-ACRO
10207,35756-HTConsumer,1S-MH-MU-ZSC-CL09-3211,nan,2.1,,,nan
10210,32414-HTConsumer,1S-MH-MU-ZSC-CL09-2765,nan,5.1,,,nan
10212,10212-CAP BANK,1S-MH-MU-ZSC-RSTN-AMBI,1S-MH-MU-ZSC-RSTN-AMBI,1,2012-09-21,581.4,1S-MH-MU-ZSC-RSTN-AMBI
10221,10221-CAP BANK,1S-MH-MU-ZSC-RSTN-AMBI,1S-MH-MU-ZSC-RSTN-AMBI,1,2012-09-21,581.4,1S-MH-MU-ZSC-RSTN-AMBI
10222,35794-HTConsumer,1S-MH-MU-ZSC-CL09-2019,nan,6,,,nan
10222,37313-HTConsumer,1S-MH-MU-ZSC-CL09-3455,nan,3.2,,,nan
10223,29461-HTConsumer,1S-MH-MU-ZSC-CL05-3075,nan,2,,,nan
19553,19425-HTConsumer,1S-MH-MU-ZSC-CL09-2892,nan,4.1,,,nan
19555,25248-HTConsumer,1S-MH-MU-ZSC-CL05-2945,nan,1.2,,,nan
19559,19559-CAP BANK,1S-MH-MU-ZSC-RSTN-AMBI,1S-MH-MU-ZSC-RSTN-AMBI,1,2012-09-21,581.4,1S-MH-MU-ZSC-RSTN-AMBI
28692,19512-HTConsumer,1S-MH-MU-ZSC-CL06-2263,nan,11.1,,,nan
28693,29465-HTConsumer,1S-MH-MU-ZSC-CL05-3075,nan,2,,,nan
28698,28698-CAP BANK,1S-MH-MU-ZSC-RSTN-AMBI,1S-MH-MU-ZSC-RSTN-AMBI,1,2012-09-21,581.4,1S-MH-MU-ZSC-RSTN-AMBI
4430,16721-HTConsumer,1S-MH-MU-ZSC-CL07-2343,nan,4.1,,,nan
4433,42194-HTConsumer,1S-MH-MU-ZST-CL04-1362,nan,4.1,,,nan
4434,4434-CAP BANK,1S-MH-MU-ZSC-RSTN-ANDH,1S-MH-MU-ZSC-RSTN-ANDH,1,2024-12-03,480.91055276381906,1S-MH-MU-ZSC-RSTN-ANDH
4436,2249-HTConsumer,1S-MH-MU-ZSC-CL03-3164,nan,5.1,,,nan
4437,42794-HTConsumer,1S-MH-MU-ZSC-CL07-3640,nan,2.1,,,nan
4442,4442-DT,1S-MH-MU-ZSC-RSTN-ANDH,1S-MH-MU-ZSC-RSTN-ANDH,2,2024-12-03,480.91055276381906,1S-MH-MU-ZSC-RSTN-ANDH
4640,4640-CAP BANK,1S-MH-MU-ZSC-RSTN-ANDH,1S-MH-MU-ZSC-RSTN-ANDH,1,2024-12-03,480.91055276381906,1S-MH-MU-ZSC-RSTN-ANDH
4994,36638-HTConsumer,1S-MH-MU-ZSC-CL03-3413,nan,1.1,,,nan
4995,4995-DT,1S-MH-MU-ZSC-RSTN-ANDH,1S-MH-MU-ZSC-RSTN-ANDH,2,2024-12-03,480.91055276381906,1S-MH-MU-ZSC-RSTN-ANDH
4997,4997-CAP BANK,1S-MH-MU-ZSC-RSTN-ANDH,1S-MH-MU-ZSC-RSTN-ANDH,1,2024-12-03,480.91055276381906,1S-MH-MU-ZSC-RSTN-ANDH
28964,28964-CAP BANK,1S-MH-MU-ZET-RSTN-ANIK,1S-MH-MU-ZET-RSTN-ANIK,1,2025-02-07,461.3060606060606,1S-MH-MU-ZET-RSTN-ANIK
28966,302-HTConsumer,1S-MH-MU-ZET-CL10-8816,nan,3.2,,,nan
32857,28036-HTConsumer,1S-MH-MU-ZET-CL10-8644,nan,1.2,,,nan
32861,32861-CAP BANK,1S-MH-MU-ZET-RSTN-ANIK,1S-MH-MU-ZET-RSTN-ANIK,1,2025-02-07,461.3060606060606,1S-MH-MU-ZET-RSTN-ANIK
32868,2678-HTConsumer,1S-MH-MU-ZET-CL10-8643,nan,2,,,nan
32870,32870-Stn Xmer,1S-MH-MU-ZET-RSTN-ANIK,1S-MH-MU-ZET-RSTN-ANIK,1,2025-02-07,461.3060606060606,1S-MH-MU-ZET-RSTN-ANIK
32871,32871-CAP BANK,1S-MH-MU-ZET-RSTN-ANIK,1S-MH-MU-ZET-RSTN-ANIK,1,2025-02-07,461.3060606060606,1S-MH-MU-ZET-RSTN-ANIK
14327,38681-GOD01334,1S-MH-MU-ZSC-CL10-2012,nan,1.3,,,nan
14330,14330-Stn Xmer,1S-MH-MU-ZSC-RSTN-AARE,1S-MH-MU-ZSC-RSTN-AARE,1,2025-04-04,238.4943488943489,1S-MH-MU-ZSC-RSTN-AARE
16031,19403-HTConsumer,1S-MH-MU-ZET-CL14-8978,nan,4.2,,,nan
16032,30830-HTConsumer,1S-MH-MU-ZSC-CL01-3154,nan,1.1.1,,,nan
16034,16034-CAP BANK,1T-MH-MU-ARY,1T-MH-MU-ARY,1,,,1T-MH-MU-ARY
26658,15582-HTConsumer,1S-MH-MU-ZSC-CL01-2785,nan,3.4,,,nan
26658,25166-HTConsumer,1S-MH-MU-ZSC-CL01-2266,nan,3.2.1,,,nan
26659,26659-CAP BANK,1T-MH-MU-ARY,1T-MH-MU-ARY,1,,,1T-MH-MU-ARY
41851,15165-HTConsumer,1S-MH-MU-ZST-CL01-0390,nan,11.1,,,nan
41854,41854-Stn Xmer,1S-MH-MU-ZST-RSTN-BAND,1S-MH-MU-ZST-RSTN-BAND,1,2025-02-07,403.06093366093364,1S-MH-MU-ZST-RSTN-BAND
41856,34448-HTConsumer,1S-MH-MU-ZST-CL02-0880,nan,3.1,,,nan
41900,39510-HTConsumer,1S-MH-MU-ZST-CL02-1320,nan,7.1,,,nan
41903,41903-CAP BANK,1S-MH-MU-ZST-RSTN-BAND,1S-MH-MU-ZST-RSTN-BAND,1,2025-02-07,403.06093366093364,1S-MH-MU-ZST-RSTN-BAND
41905,25216-HTConsumer,1S-MH-MU-ZST-CL02-0645,nan,6.1,,,nan
41907,41907-Stn Xmer,1S-MH-MU-ZST-RSTN-BAND,1S-MH-MU-ZST-RSTN-BAND,1,2025-02-07,403.06093366093364,1S-MH-MU-ZST-RSTN-BAND
41912,41912-CAP BANK,1S-MH-MU-ZST-RSTN-BAND,1S-MH-MU-ZST-RSTN-BAND,1,2025-02-07,403.06093366093364,1S-MH-MU-ZST-RSTN-BAND
43876,19413-HTConsumer,1S-MH-MU-ZST-CL01-0576,nan,4.1,,,nan
43879,34493-HTConsumer,1S-MH-MU-ZST-CL01-0936,nan,10,,,nan
43881,43881-Stn Xmer,1S-MH-MU-ZST-RSTN-BOMB,1S-MH-MU-ZST-RSTN-BOMB,1,2024-11-04,427.8507614213198,1S-MH-MU-ZST-RSTN-BOMB
43888,6974-HTConsumer,1S-MH-MU-ZST-CL01-0498,nan,5,,,nan
43889,11582-HTConsumer,1S-MH-MU-ZST-CL01-0333,nan,1.1,,,nan
43891,19347-HTConsumer,1S-MH-MU-ZST-CL01-0340,nan,4.1,,,nan
40013,19571-HTConsumer,1S-MH-MU-ZSC-CL07-2073,nan,5.1,,,nan
40020,40020-CAP BANK,1S-MH-MU-ZSC-RSTN-BHAV,1S-MH-MU-ZSC-RSTN-BHAV,1,,,1S-MH-MU-ZSC-RSTN-BHAV
40023,14961-HTConsumer,1S-MH-MU-ZSC-CL09-2075,nan,6.2.1,,,nan
40029,40029-CAP BANK,1S-MH-MU-ZSC-RSTN-BHAV,1S-MH-MU-ZSC-RSTN-BHAV,1,,,1S-MH-MU-ZSC-RSTN-BHAV
34522,29467-HTConsumer,1S-MH-MU-ZNT-CL03-7016,nan,2.1,,,nan
34524,34524-CAP BANK,1S-MH-MU-ZNT-RSTN-BHWE,1S-MH-MU-ZNT-RSTN-BHWE,1,2010-11-11,93.1478787878788,1S-MH-MU-ZNT-RSTN-BHWE
40145,40145-CAP BANK,1S-MH-MU-ZNT-RSTN-BHWE,1S-MH-MU-ZNT-RSTN-BHWE,1,2010-11-11,93.1478787878788,1S-MH-MU-ZNT-RSTN-BHWE
40149,19440-DT,1S-MH-MU-ZNT-CL03-6501,1S-MH-MU-ZNT-CL03-6865,8.1,2025-04-04,123.88627450980391,1S-MH-MU-ZNT-CL03-6865
40151,14579-DT,1S-MH-MU-ZNT-CL03-6359,DT,10.3,,,DT
40151,14579-DT,1S-MH-MU-ZNT-CL03-6359,DT,3.7.3,,,DT
40151,14579-DT,1S-MH-MU-ZNT-CL03-6359,DT,11.3,,,DT
40151,14579-DT,1S-MH-MU-ZNT-CL03-6359,DT,4.7.3,,,DT
25323,19192-DT,1S-MH-MU-ZNT-CL03-6219,DT,2.3,,,DT
25323,5418-DT,1S-MH-MU-ZNT-CL03-6219,DT,2.4,,,DT
25325,30149-DT,1S-MH-MU-ZNT-CL03-7070,DT,4.2.1.1,,,DT
25325,HTConsumer-30150,nan,1S-MH-MU-ZNT-CL03-7070,3.2,,,1S-MH-MU-ZNT-CL03-7070
25325,30149-DT,1S-MH-MU-ZNT-CL03-7070,DT,3.2.1,,,DT
25326,25326-Stn Xmer,1S-MH-MU-ZNT-RSTN-BHWE,1S-MH-MU-ZNT-RSTN-BHWE,1,2010-11-11,93.1478787878788,1S-MH-MU-ZNT-RSTN-BHWE
25327,25327-CAP BANK,1S-MH-MU-ZNT-RSTN-BHWE,1S-MH-MU-ZNT-RSTN-BHWE,1,2010-11-11,93.1478787878788,1S-MH-MU-ZNT-RSTN-BHWE
12222,12222-CAP BANK,1S-MH-MU-ZNT-RSTN-BHAY,1S-MH-MU-ZNT-RSTN-BHAY,1,,,1S-MH-MU-ZNT-RSTN-BHAY
12228,15481-HTConsumer,1S-MH-MU-ZNT-CL03-6056,nan,2.1,,,nan
12231,12231-CAP BANK,1S-MH-MU-ZNT-RSTN-BHAY,1S-MH-MU-ZNT-RSTN-BHAY,1,,,1S-MH-MU-ZNT-RSTN-BHAY
15786,15786-CAP BANK,1S-MH-MU-ZNT-RSTN-BHAY,1S-MH-MU-ZNT-RSTN-BHAY,1,,,1S-MH-MU-ZNT-RSTN-BHAY
31892,31892-Stn Xmer,1S-MH-MU-ZST-RSTN-BATE,1S-MH-MU-ZST-RSTN-BATE,1,2025-04-04,60.978770949720676,1S-MH-MU-ZST-RSTN-BATE
31893,31893-CAP BANK,1S-MH-MU-ZST-RSTN-BATE,1S-MH-MU-ZST-RSTN-BATE,1,2025-04-04,60.978770949720676,1S-MH-MU-ZST-RSTN-BATE
1309,29971-HTConsumer,1S-MH-MU-ZNT-CL01-7052,nan,1.2,,,nan
1313,1313-CAP BANK,1S-MH-MU-ZNT-RSTN-BORI,1S-MH-MU-ZNT-RSTN-BORI,1,,,1S-MH-MU-ZNT-RSTN-BORI
1314,1314-CAP BANK,1S-MH-MU-ZNT-RSTN-BORI,1S-MH-MU-ZNT-RSTN-BORI,1,,,1S-MH-MU-ZNT-RSTN-BORI
1316,17453-HTConsumer,1S-MH-MU-ZNT-CL01-6477,nan,1.1.1,,,nan
1317,1317-Stn Xmer,1S-MH-MU-ZNT-RSTN-BORI,1S-MH-MU-ZNT-RSTN-BORI,1,,,1S-MH-MU-ZNT-RSTN-BORI
1326,32253-HTConsumer,1S-MH-MU-ZNT-CL01-7347,nan,3.1,,,nan
1330,1330-CAP BANK,1S-MH-MU-ZNT-RSTN-BORI,1S-MH-MU-ZNT-RSTN-BORI,1,,,1S-MH-MU-ZNT-RSTN-BORI
1338,1338-Stn Xmer,1S-MH-MU-ZNT-RSTN-BORI,1S-MH-MU-ZNT-RSTN-BORI,1,,,1S-MH-MU-ZNT-RSTN-BORI
1339,1339-CAP BANK,1S-MH-MU-ZNT-RSTN-BORI,1S-MH-MU-ZNT-RSTN-BORI,1,,,1S-MH-MU-ZNT-RSTN-BORI
28223,9727-HTConsumer,1S-MH-MU-ZCT-CL07-4657,nan,1.2,,,nan
28227,28769-HTConsumer,1S-MH-MU-ZCT-CL08-5039,nan,2.2,,,nan
28229,26511-HTConsumer,1S-MH-MU-ZCT-CL07-4972,nan,2.1,,,nan
28230,28230-CAP BANK,1S-MH-MU-ZCT-RSTN-CAMA,1S-MH-MU-ZCT-RSTN-CAMA,1,2025-01-03,445.6666666666667,1S-MH-MU-ZCT-RSTN-CAMA
11919,34226-HTConsumer,1S-MH-MU-ZSC-CL04-2698,nan,4.2,,,nan
11921,11921-CAP BANK,1S-MH-MU-ZSC-RSTN-CHAK,1S-MH-MU-ZSC-RSTN-CHAK,1,2025-02-07,255.7426086956522,1S-MH-MU-ZSC-RSTN-CHAK
29652,29652-CAP BANK,1S-MH-MU-ZSC-RSTN-CHAK,1S-MH-MU-ZSC-RSTN-CHAK,1,2025-02-07,255.7426086956522,1S-MH-MU-ZSC-RSTN-CHAK
29654,29654-Stn Xmer,1S-MH-MU-ZSC-RSTN-CHAK,1S-MH-MU-ZSC-RSTN-CHAK,1,2025-02-07,255.7426086956522,1S-MH-MU-ZSC-RSTN-CHAK
29655,36971-HTConsumer,1S-MH-MU-ZSC-CL02-3436,nan,1.1,,,nan
25358,2308-nan,1S-MH-MU-ZCT-CL02-4528,nan,1.1,,,nan
18823,18823-Stn Xmer,1S-MH-MU-ZET-RSTN-CHHE,1S-MH-MU-ZET-RSTN-CHHE,1,2025-02-07,627.5653266331658,1S-MH-MU-ZET-RSTN-CHHE
18831,18831-CAP BANK,1S-MH-MU-ZET-RSTN-CHHE,1S-MH-MU-ZET-RSTN-CHHE,1,2025-02-07,627.5653266331658,1S-MH-MU-ZET-RSTN-CHHE
18838,42988-DT,1S-MH-MU-ZET-CL06-9403,nan,2.2,,,nan
30996,39042-HTConsumer,1S-MH-MU-ZET-CL13-9539,nan,2.1,,,nan
31000,42177-DT,1S-MH-MU-ZET-CL13-9785,nan,5.1,,,nan
31002,31002-Stn Xmer,1S-MH-MU-ZET-RSTN-CHAN,1S-MH-MU-ZET-RSTN-CHAN,1,2025-02-07,95.40588235294118,1S-MH-MU-ZET-RSTN-CHAN
31003,31003-CAP BANK,1S-MH-MU-ZET-RSTN-CHAN,1S-MH-MU-ZET-RSTN-CHAN,1,2025-02-07,95.40588235294118,1S-MH-MU-ZET-RSTN-CHAN
31010,10745-HTConsumer,1S-MH-MU-ZET-CL14-8128,nan,5,,,nan
31010,5393-HTConsumer,1S-MH-MU-ZET-CL14-8128,nan,4.1,,,nan
31012,31012-CAP BANK,1S-MH-MU-ZET-RSTN-CHAN,1S-MH-MU-ZET-RSTN-CHAN,1,2025-02-07,95.40588235294118,1S-MH-MU-ZET-RSTN-CHAN
19579,16240-HTConsumer,1S-MH-MU-ZET-CL10-8249,nan,4.1,,,nan
19579,16240-HTConsumer,1S-MH-MU-ZET-CL10-8249,nan,4.2,,,nan
19578,2740-HTConsumer,1S-MH-MU-ZET-CL11-8856,nan,3.1,,,nan
19582,7238-HTConsumer,1S-MH-MU-ZET-CL11-8892,nan,3,,,nan
19585,19585-CAP BANK,1S-MH-MU-ZET-RSTN-CHEM,1S-MH-MU-ZET-RSTN-CHEM,1,2025-02-07,462.57939698492464,1S-MH-MU-ZET-RSTN-CHEM
19776,10687-HTConsumer,1S-MH-MU-ZET-CL11-8081,nan,1.2.1,,,nan
19778,19778-Stn Xmer,1S-MH-MU-ZET-RSTN-CHEM,1S-MH-MU-ZET-RSTN-CHEM,1,2025-02-07,462.57939698492464,1S-MH-MU-ZET-RSTN-CHEM
19779,19779-CAP BANK,1S-MH-MU-ZET-RSTN-CHEM,1S-MH-MU-ZET-RSTN-CHEM,1,2025-02-07,462.57939698492464,1S-MH-MU-ZET-RSTN-CHEM
25266,10862-nan,1S-MH-MU-ZET-CL10-8075,nan,7.1,,,nan
25269,30642-HTConsumer,1S-MH-MU-ZET-CL11-9191,nan,1.1,,,nan
25271,7515-HTConsumer,1S-MH-MU-ZET-CL11-8117,nan,6,,,nan
25273,30743-HTConsumer,1S-MH-MU-ZET-CL11-9196,nan,3.1,,,nan
25275,35246-HTConsumer,1S-MH-MU-ZET-CL10-9429,nan,2.1,,,nan
25282,25282-CAP BANK,1S-MH-MU-ZET-RSTN-CHEM,1S-MH-MU-ZET-RSTN-CHEM,2,2025-02-07,462.57939698492464,1S-MH-MU-ZET-RSTN-CHEM
29318,31163-HTConsumer,1S-MH-MU-ZET-CL01-9223,nan,3.1,,,nan
29319,7451-HTConsumer,1S-MH-MU-ZET-CL01-8195,nan,5.1,,,nan
29325,29325-CAP BANK,1S-MH-MU-ZET-RSTN-CHUN,1S-MH-MU-ZET-RSTN-CHUN,1,2025-02-07,277.45702564102567,1S-MH-MU-ZET-RSTN-CHUN
29328,29328-Stn Xmer,1S-MH-MU-ZET-RSTN-CHUN,1S-MH-MU-ZET-RSTN-CHUN,1,2025-02-07,277.45702564102567,1S-MH-MU-ZET-RSTN-CHUN
29333,35395-HTConsumer,1S-MH-MU-ZET-CL10-9474,nan,4.1,,,nan
29334,29334-CAP BANK,1S-MH-MU-ZET-RSTN-CHUN,1S-MH-MU-ZET-RSTN-CHUN,1,2025-02-07,277.45702564102567,1S-MH-MU-ZET-RSTN-CHUN
18613,18613-CAP BANK,1S-MH-MU-ZCT-RSTN-CHIN,1S-MH-MU-ZCT-RSTN-CHIN,1,2018-01-05,473.1863247863248,1S-MH-MU-ZCT-RSTN-CHIN
18619,41804-DT,1S-MH-MU-ZCT-CL03-5386,nan,9.1,,,nan
18623,18623-Stn Xmer,1S-MH-MU-ZCT-RSTN-CHIN,1S-MH-MU-ZCT-RSTN-CHIN,1,2018-01-05,473.1863247863248,1S-MH-MU-ZCT-RSTN-CHIN
18627,34453-HTConsumer,1S-MH-MU-ZCT-CL02-5213,nan,1.1,,,nan
18630,18630-CAP BANK,1S-MH-MU-ZCT-RSTN-CHIN,1S-MH-MU-ZCT-RSTN-CHIN,1,2018-01-05,473.1863247863248,1S-MH-MU-ZCT-RSTN-CHIN
39609,39609-CAP BANK,1S-MH-MU-ZCT-RSTN-MALW,1S-MH-MU-ZCT-RSTN-MALW,1,2025-04-04,186.30285714285714,1S-MH-MU-ZCT-RSTN-MALW
39618,38801-HTConsumer,1S-MH-MU-ZCT-CL03-5638,nan,5.1,,,nan
39619,31465-HTConsumer,1S-MH-MU-ZCT-CL06-5143,nan,6.1,,,nan
39624,39624-Stn Xmer,1S-MH-MU-ZCT-RSTN-MALW,1S-MH-MU-ZCT-RSTN-MALW,1,2025-04-04,186.30285714285714,1S-MH-MU-ZCT-RSTN-MALW
39625,39625-CAP BANK,1S-MH-MU-ZCT-RSTN-MALW,1S-MH-MU-ZCT-RSTN-MALW,1,2025-04-04,186.30285714285714,1S-MH-MU-ZCT-RSTN-MALW
40894,26864-HTConsumer,1S-MH-MU-ZNT-CL04-6866,nan,3.2,,,nan
40896,14848-HTConsumer,1S-MH-MU-ZNT-CL10-6091,nan,5.1,,,nan
40897,37778-HTConsumer,1S-MH-MU-ZNT-CL04-6393,nan,1.1,,,nan
40719,14740-DT,1S-MH-MU-ZNT-CL05-6111,DT,5.2,,,DT
40724,40724-Stn Xmer,1S-MH-MU-ZNT-RSTN-DAWE,1S-MH-MU-ZNT-RSTN-DAWE,1,,,1S-MH-MU-ZNT-RSTN-DAWE
11758,11758-CAP BANK,1S-MH-MU-ZNT-RSTN-DAHI,1S-MH-MU-ZNT-RSTN-DAHI,1,,,1S-MH-MU-ZNT-RSTN-DAHI
11762,18058-HTConsumer,1S-MH-MU-ZNT-CL09-6090,nan,3.1,,,nan
11765,11765-Stn Xmer,1S-MH-MU-ZNT-RSTN-DAHI,1S-MH-MU-ZNT-RSTN-DAHI,1,,,1S-MH-MU-ZNT-RSTN-DAHI
11768,16985-HTConsumer,1S-MH-MU-ZNT-CL09-6631,nan,7.1,,,nan
11771,10409-DT,1S-MH-MU-ZNT-CL09-6456,DT,1.2,,,DT
11774,11774-CAP BANK,1S-MH-MU-ZNT-RSTN-DAHI,1S-MH-MU-ZNT-RSTN-DAHI,1,,,1S-MH-MU-ZNT-RSTN-DAHI
15503,15503-CAP BANK,1S-MH-MU-ZNT-RSTN-DAHI,1S-MH-MU-ZNT-RSTN-DAHI,1,,,1S-MH-MU-ZNT-RSTN-DAHI
26449,26449-CAP BANK,1S-MH-MU-ZNT-RSTN-DEVI,1S-MH-MU-ZNT-RSTN-DEVI,1,2010-11-11,265.648275862069,1S-MH-MU-ZNT-RSTN-DEVI
26458,39425-HTConsumer,1S-MH-MU-ZNT-CL05-6079,nan,5.2,,,nan
26459,26459-CAP BANK,1S-MH-MU-ZNT-RSTN-DEVI,1S-MH-MU-ZNT-RSTN-DEVI,1,2010-11-11,265.648275862069,1S-MH-MU-ZNT-RSTN-DEVI
35413,14927-HTConsumer,1S-MH-MU-ZNT-CL05-6409,nan,3.1,,,nan
35416,30286-HTConsumer,1S-MH-MU-ZNT-CL08-7143,nan,1.1.1,,,nan
35419,35419-CAP BANK,1S-MH-MU-ZNT-RSTN-DEVI,1S-MH-MU-ZNT-RSTN-DEVI,1,2010-11-11,265.648275862069,1S-MH-MU-ZNT-RSTN-DEVI
25793,30969-HTConsumer,1S-MH-MU-ZCT-CL08-5125,nan,3.1,,,nan
25793,32233-HTConsumer,1S-MH-MU-ZCT-CL07-5162,nan,1.2,,,nan
25793,32235-HTConsumer,1S-MH-MU-ZCT-CL07-5162,nan,1.3,,,nan
25795,32950-HTConsumer,1S-MH-MU-ZCT-CL08-5187,nan,2.2,,,nan
25795,35134-HTConsumer,1S-MH-MU-ZCT-CL08-5267,nan,1.1,,,nan
25797,25797-CAP BANK,1S-MH-MU-ZCT-RSTN-DIND,1S-MH-MU-ZCT-RSTN-DIND,1,,,1S-MH-MU-ZCT-RSTN-DIND
40917,28773-HTConsumer,1S-MH-MU-ZCT-CL08-5039,nan,2,,,nan
40918,41641-DT,1S-MH-MU-ZCT-CL08-4489,nan,3.1,,,nan
40920,41301-DT,1S-MH-MU-ZCT-CL08-5539,nan,1.1,,,nan
40921,4579-HTConsumer,1S-MH-MU-ZCT-CL08-4574,nan,1.1,,,nan
40922,41351-HTConsumer,1S-MH-MU-ZCT-CL08-5062,nan,1.2,,,nan
40928,40928-CAP BANK,1S-MH-MU-ZCT-RSTN-DIND,1S-MH-MU-ZCT-RSTN-DIND,1,,,1S-MH-MU-ZCT-RSTN-DIND
40934,30526-HTConsumer,1S-MH-MU-ZCT-CL08-5115,nan,3.1,,,nan
40938,40938-CAP BANK,1S-MH-MU-ZCT-RSTN-DIND,1S-MH-MU-ZCT-RSTN-DIND,1,,,1S-MH-MU-ZCT-RSTN-DIND
25588,9942-HTConsumer,1S-MH-MU-ZCT-CL06-4678,nan,1.1,,,nan
25591,2916-HTConsumer,1S-MH-MU-ZCT-CL06-4428,nan,3.1,,,nan
25593,25593-Stn Xmer,1S-MH-MU-ZCT-RSTN-ERAN,1S-MH-MU-ZCT-RSTN-ERAN,1,2018-01-05,181.1542857142857,1S-MH-MU-ZCT-RSTN-ERAN
42303,GJHT 11-17051,1S-MH-MU-ZNT-CL03-6236,1S-MH-MU-ZNT-CL03-6326,16.1,2025-04-04,75.42196078431373,1S-MH-MU-ZNT-CL03-6326
42303,GJHT 23-12026,1S-MH-MU-ZNT-CL03-6236,1S-MH-MU-ZNT-CL03-6357,16.2,2025-04-04,9.292127659574469,1S-MH-MU-ZNT-CL03-6357
42303,MTHT 19-16485,1S-MH-MU-ZNT-CL03-6236,1S-MH-MU-ZNT-CL03-6666,16.3,2025-04-04,11.110238095238095,1S-MH-MU-ZNT-CL03-6666
42303,GJHT 27-15000,1S-MH-MU-ZNT-CL03-6236,1S-MH-MU-ZNT-CL03-6467,16.4,2025-04-04,23.084752475247523,1S-MH-MU-ZNT-CL03-6467
42303,35866-HTConsumer,1S-MH-MU-ZCT-CL06-5293,nan,2.1,,,nan
41579,41579-CAP BANK,1S-MH-MU-ZSC-RSTN-ESIC,1S-MH-MU-ZSC-RSTN-ESIC,1,,,1S-MH-MU-ZSC-RSTN-ESIC
41582,13718-HTConsumer,1S-MH-MU-ZSC-CL01-2277,nan,1.1,,,nan
41583,39464-HTConsumer,1S-MH-MU-ZSC-CL01-2615,nan,1.1,,,nan
41588,41588-CAP BANK,1S-MH-MU-ZSC-RSTN-ESIC,1S-MH-MU-ZSC-RSTN-ESIC,1,,,1S-MH-MU-ZSC-RSTN-ESIC
41709,41709-BPT-2,1S-MH-MU-ZNT-RSTN-GHOD,1S-MH-MU-ZNT-RSTN-GHOD,1,,,1S-MH-MU-ZNT-RSTN-GHOD
41710,41710-CAP BANK,1S-MH-MU-ZNT-RSTN-GHOD,1S-MH-MU-ZNT-RSTN-GHOD,1,,,1S-MH-MU-ZNT-RSTN-GHOD
41711,41711-Stn Xmer,1S-MH-MU-ZNT-RSTN-GHOD,1S-MH-MU-ZNT-RSTN-GHOD,1,,,1S-MH-MU-ZNT-RSTN-GHOD
41714,10101-HTConsumer,1S-MH-MU-ZNT-CL04-6063,nan,2.6,,,nan
41718,41718-CAP BANK,1S-MH-MU-ZNT-RSTN-GHOD,1S-MH-MU-ZNT-RSTN-GHOD,1,,,1S-MH-MU-ZNT-RSTN-GHOD
41719,37648-HTConsumer,1S-MH-MU-ZNT-CL11-7198,nan,8.1,,,nan
41720,38818-HTConsumer,1S-MH-MU-ZNT-CL04-7876,nan,1.1,,,nan
41725,41725-Stn Xmer,1S-MH-MU-ZNT-RSTN-GHOD,1S-MH-MU-ZNT-RSTN-GHOD,1,,,1S-MH-MU-ZNT-RSTN-GHOD
41727,41727-CAP BANK,1S-MH-MU-ZNT-RSTN-GHOD,1S-MH-MU-ZNT-RSTN-GHOD,1,,,1S-MH-MU-ZNT-RSTN-GHOD
41729,42975-HTConsumer,1S-MH-MU-ZNT-CL04-7925,nan,1.2,,,nan
36700,6540-HTConsumer,1S-MH-MU-ZCT-CL08-4033,nan,11,,,nan
36703,36703-Stn Xmer,1S-MH-MU-ZCT-RSTN-GOKU,1S-MH-MU-ZCT-RSTN-GOKU,1,2025-04-04,385.9818181818182,1S-MH-MU-ZCT-RSTN-GOKU
36704,36704-CAP BANK,1S-MH-MU-ZCT-RSTN-GOKU,1S-MH-MU-ZCT-RSTN-GOKU,1,2025-04-04,385.9818181818182,1S-MH-MU-ZCT-RSTN-GOKU
36712,36712-Stn Xmer,1S-MH-MU-ZCT-RSTN-GOKU,1S-MH-MU-ZCT-RSTN-GOKU,1,2025-04-04,385.9818181818182,1S-MH-MU-ZCT-RSTN-GOKU
36713,36713-CAP BANK,1S-MH-MU-ZCT-RSTN-GOKU,1S-MH-MU-ZCT-RSTN-GOKU,1,2025-04-04,385.9818181818182,1S-MH-MU-ZCT-RSTN-GOKU
3706,3706-Stn Xmer,1S-MH-MU-ZCT-RSTN-GANE,1S-MH-MU-ZCT-RSTN-GANE,1,2025-04-04,308.056338028169,1S-MH-MU-ZCT-RSTN-GANE
3708,3708-CAP BANK,1S-MH-MU-ZCT-RSTN-GANE,1S-MH-MU-ZCT-RSTN-GANE,1,2025-04-04,308.056338028169,1S-MH-MU-ZCT-RSTN-GANE
3710,38769-HTConsumer,1S-MH-MU-ZCT-CL06-5630,nan,2.1.1,,,nan
3713,29843-HTConsumer,1S-MH-MU-ZCT-CL06-5081,nan,1.2.1,,,nan
3717,3717-CAP BANK,1S-MH-MU-ZCT-RSTN-GANE,1S-MH-MU-ZCT-RSTN-GANE,1,2025-04-04,308.056338028169,1S-MH-MU-ZCT-RSTN-GANE
3628,3628-CAP BANK,1S-MH-MU-ZST-RSTN-GODR,1S-MH-MU-ZST-RSTN-GODR,1,,,1S-MH-MU-ZST-RSTN-GODR
3629,3629-HTConsumer,1S-MH-MU-ZST-RSTN-GODR,nan,1,,,nan
3630,3630-HTConsumer,1S-MH-MU-ZST-RSTN-GODR,nan,1,,,nan
3635,29947-HTConsumer,1S-MH-MU-ZST-CL05-0762,nan,2.1,,,nan
3620,34403-HTConsumer,1S-MH-MU-ZST-CL07-0934,nan,4.1,,,nan
3621,35923-HTConsumer,1S-MH-MU-ZST-CL05-1100,nan,1.2,,,nan
3624,3624-HTConsumer,1S-MH-MU-ZST-RSTN-GODR,nan,1,,,nan
3625,3625-HTConsumer,1S-MH-MU-ZST-RSTN-GODR,nan,1,,,nan
35159,36010-HTConsumer,1S-MH-MU-ZNT-CL06-7612,nan,1.1,,,nan
35161,35161-CAP BANK,1S-MH-MU-ZNT-RSTN-GORA,1S-MH-MU-ZNT-RSTN-GORA,1,,,1S-MH-MU-ZNT-RSTN-GORA
35163,35163-Stn Xmer,1S-MH-MU-ZNT-RSTN-GORA,1S-MH-MU-ZNT-RSTN-GORA,1,,,1S-MH-MU-ZNT-RSTN-GORA
37690,37690-CAP BANK,1S-MH-MU-ZNT-RSTN-GORA,1S-MH-MU-ZNT-RSTN-GORA,1,,,1S-MH-MU-ZNT-RSTN-GORA
37694,37694-Stn Xmer,1S-MH-MU-ZNT-RSTN-GORA,1S-MH-MU-ZNT-RSTN-GORA,1,,,1S-MH-MU-ZNT-RSTN-GORA
37695,19386-HTConsumer,1S-MH-MU-ZNT-CL06-6862,nan,2.1,,,nan
42276,42276-CAP BANK,1S-MH-MU-ZNT-RSTN-GORA,1S-MH-MU-ZNT-RSTN-GORA,1,,,1S-MH-MU-ZNT-RSTN-GORA
42277,43250-HTConsumer,1S-MH-MU-ZNT-CL06-8936,nan,2,,,nan
42279,13248-HTConsumer,1S-MH-MU-ZNT-CL08-6010,nan,1.1,,,nan
1501,1501-CAP BANK,1S-MH-MU-ZCT-RSTN-GORE,1S-MH-MU-ZCT-RSTN-GORE,1,2025-04-04,83.99183673469388,1S-MH-MU-ZCT-RSTN-GORE
1502,41471-DT,1S-MH-MU-ZCT-CL01-5728,nan,8,,,nan
1502,43568-DT,nan,1S-MH-MU-ZCT-CL01-5794,8.1,2025-04-04,38.4,1S-MH-MU-ZCT-CL01-5794
1502,43565-DT,nan,1S-MH-MU-ZCT-CL01-5794,8.2,2025-04-04,38.4,1S-MH-MU-ZCT-CL01-5794
1510,36840-nan,1S-MH-MU-ZCT-CL01-4495,nan,2.2,,,nan
1510,36840-nan,1S-MH-MU-ZCT-CL01-4495,nan,1.1.2,,,nan
1511,1511-CAP BANK,1S-MH-MU-ZCT-RSTN-GORE,1S-MH-MU-ZCT-RSTN-GORE,1,2025-04-04,83.99183673469388,1S-MH-MU-ZCT-RSTN-GORE
1514,1514-CAP BANK,1S-MH-MU-ZCT-RSTN-GORE,1S-MH-MU-ZCT-RSTN-GORE,1,2025-04-04,83.99183673469388,1S-MH-MU-ZCT-RSTN-GORE
1515,11498-HTConsumer,1S-MH-MU-ZCT-CL01-4132,nan,1.1,,,nan
1516,1516-Stn Xmer,1S-MH-MU-ZCT-RSTN-GORE,1S-MH-MU-ZCT-RSTN-GORE,1,2025-04-04,83.99183673469388,1S-MH-MU-ZCT-RSTN-GORE
1519,42954-DT,1S-MH-MU-ZCT-CL01-5762,nan,1.1,,,nan
1526,1526-CAP BANK,1S-MH-MU-ZCT-RSTN-GORE,1S-MH-MU-ZCT-RSTN-GORE,1,2025-04-04,83.99183673469388,1S-MH-MU-ZCT-RSTN-GORE
1527,1527-CAP BANK,1S-MH-MU-ZCT-RSTN-GORE,1S-MH-MU-ZCT-RSTN-GORE,1,2025-04-04,83.99183673469388,1S-MH-MU-ZCT-RSTN-GORE
1529,10788-HTConsumer,1S-MH-MU-ZCT-CL01-4810,nan,4.1,,,nan
1532,627-HTConsumer,1S-MH-MU-ZSC-CL08-2325,nan,7.1,,,nan
1539,1539-CAP BANK,1S-MH-MU-ZCT-RSTN-GORE,1S-MH-MU-ZCT-RSTN-GORE,1,2025-04-04,83.99183673469388,1S-MH-MU-ZCT-RSTN-GORE
31265,14779-HTConsumer,1S-MH-MU-ZET-CL05-8579,nan,3.1,,,nan
31267,43794-DT,1S-MH-MU-ZET-CL05-9942,DT,2.2,,,DT
31267,43794-DT,1S-MH-MU-ZET-CL05-9942,DT,2.3,,,DT
31267,34435-HTConsumer,1S-MH-MU-ZET-CL05-8378,nan,1.1,,,nan
31268,31268-Stn Xmer,1S-MH-MU-ZET-RSTN-HIND,1S-MH-MU-ZET-RSTN-HIND,1,2025-04-04,11.914408602150537,1S-MH-MU-ZET-RSTN-HIND
31269,31269-CAP BANK,1S-MH-MU-ZET-RSTN-HIND,1S-MH-MU-ZET-RSTN-HIND,1,2025-04-04,11.914408602150537,1S-MH-MU-ZET-RSTN-HIND
31272,29661-HTConsumer,1S-MH-MU-ZET-CL05-8918,nan,1.2,,,nan
31275,7304-HTConsumer,1S-MH-MU-ZET-CL05-8352,nan,1.1.1,,,nan
31276,40494-HTConsumer,1S-MH-MU-ZET-CL05-8048,nan,3,,,nan
31277,31277-HTConsumer,1S-MH-MU-ZET-RSTN-HIND,nan,1,,,nan
31277,31277-DT,1S-MH-MU-ZET-RSTN-HIND,1S-MH-MU-ZET-RSTN-HIND,2,2025-04-04,11.914408602150537,1S-MH-MU-ZET-RSTN-HIND
31277,31277-HTConsumer,1S-MH-MU-ZET-RSTN-HIND,nan,3,,,nan
31278,31278-CAP BANK,1S-MH-MU-ZET-RSTN-HIND,1S-MH-MU-ZET-RSTN-HIND,1,2025-04-04,11.914408602150537,1S-MH-MU-ZET-RSTN-HIND
34302,34302-Stn Xmer,1S-MH-MU-ZET-RSTN-HING,1S-MH-MU-ZET-RSTN-HING,1,2025-02-07,524.4782608695652,1S-MH-MU-ZET-RSTN-HING
34299,31568-HTConsumer,1S-MH-MU-ZET-CL06-9234,nan,1.1,,,nan
34306,30777-HTConsumer,1S-MH-MU-ZET-CL06-9119,nan,5.1,,,nan
34307,43524-DT,1S-MH-MU-ZET-CL06-9868,MH-MU-ZET-CL06-9868,3.1,,,MH-MU-ZET-CL06-9868
40087,40341-HTConsumer,1S-MH-MU-ZNT-CL07-7423,nan,1.2,,,nan
40093,40093-Stn Xmer,1S-MH-MU-ZCT-RSTN-HERI,1S-MH-MU-ZCT-RSTN-HERI,1,2024-12-03,27.516279069767442,1S-MH-MU-ZCT-RSTN-HERI
40094,40094-CAP BANK,1S-MH-MU-ZCT-RSTN-HERI,1S-MH-MU-ZCT-RSTN-HERI,1,2024-12-03,27.516279069767442,1S-MH-MU-ZCT-RSTN-HERI
40098,30818-HTConsumer,1S-MH-MU-ZNT-CL07-7074,nan,5.1,,,nan
40102,25711-HTConsumer,1S-MH-MU-ZNT-CL07-6909,nan,1.1,,,nan
40103,40103-CAP BANK,1S-MH-MU-ZCT-RSTN-HERI,1S-MH-MU-ZCT-RSTN-HERI,1,2024-12-03,27.516279069767442,1S-MH-MU-ZCT-RSTN-HERI
26368,30690-HTConsumer,1S-MH-MU-ZET-CL07-9193,nan,2.1,,,nan
26373,32711-HTConsumer,1S-MH-MU-ZET-CL14-9050,nan,2.1,,,nan
26374,26374-CAP BANK,1S-MH-MU-ZET-RSTN-HIRA,1S-MH-MU-ZET-RSTN-HIRA,1,2025-02-07,200.446783625731,1S-MH-MU-ZET-RSTN-HIRA
26377,28256-HTConsumer,1S-MH-MU-ZET-CL07-9073,nan,3.1,,,nan
26383,26383-CAP BANK,1S-MH-MU-ZET-RSTN-HIRA,1S-MH-MU-ZET-RSTN-HIRA,1,2025-02-07,200.446783625731,1S-MH-MU-ZET-RSTN-HIRA
26385,30793-HTConsumer,1S-MH-MU-ZET-CL07-9201,nan,4.1,,,nan
26385,30792-HTConsumer,1S-MH-MU-ZET-CL07-9201,nan,4.2,,,nan
26386,31237-HTConsumer,1S-MH-MU-ZET-CL05-8668,nan,4.2,,,nan
26388,41808-HTConsumer,1S-MH-MU-ZET-CL14-9781,nan,4,,,nan
26391,26391-Stn Xmer,1S-MH-MU-ZET-RSTN-HIRA,1S-MH-MU-ZET-RSTN-HIRA,1,2025-02-07,200.446783625731,1S-MH-MU-ZET-RSTN-HIRA
26392,26392-CAP BANK,1S-MH-MU-ZET-RSTN-HIRA,1S-MH-MU-ZET-RSTN-HIRA,1,2025-02-07,200.446783625731,1S-MH-MU-ZET-RSTN-HIRA
35556,35556-HTConsumer,1S-MH-MU-ZSC-RSTN-HULL,nan,1,,,nan
35557,18702-HTConsumer,1S-MH-MU-ZSC-CL04-2630,nan,4,,,nan
35561,35561-CAP BANK,1S-MH-MU-ZSC-RSTN-HULL,1S-MH-MU-ZSC-RSTN-HULL,1,2024-12-03,8.682985074626865,1S-MH-MU-ZSC-RSTN-HULL
35564,18704-HTConsumer,1S-MH-MU-ZSC-CL04-2630,nan,2.2,,,nan
35565,1082-HTConsumer,1S-MH-MU-ZSC-CL04-2608,nan,4.2,,,nan
35566,35566-HTConsumer,1S-MH-MU-ZSC-RSTN-HULL,nan,1,,,nan
35569,14484-HTConsumer,1S-MH-MU-ZSC-CL01-2086,nan,2.1,,,nan
35570,35570-CAP BANK,1S-MH-MU-ZSC-RSTN-HULL,1S-MH-MU-ZSC-RSTN-HULL,1,2024-12-03,8.682985074626865,1S-MH-MU-ZSC-RSTN-HULL
40283,40283-CAP BANK,1S-MH-MU-ZCT-RSTN-JANK,1S-MH-MU-ZCT-RSTN-JANK,1,2025-04-04,7.983673469387755,1S-MH-MU-ZCT-RSTN-JANK
40285,42470-HTConsumer,1S-MH-MU-ZCT-CL06-5753,nan,3.1,,,nan
40288,40288-Stn Xmer,1S-MH-MU-ZCT-RSTN-JANK,1S-MH-MU-ZCT-RSTN-JANK,1,2025-04-04,7.983673469387755,1S-MH-MU-ZCT-RSTN-JANK
40293,40356-DT,1S-MH-MU-ZCT-CL06-5582,nan,2.1,,,nan
40299,40299-CAP BANK,1S-MH-MU-ZCT-RSTN-JANK,1S-MH-MU-ZCT-RSTN-JANK,1,2025-04-04,7.983673469387755,1S-MH-MU-ZCT-RSTN-JANK
39003,42801-HTConsumer,1S-MH-MU-ZSC-CL04-3644,nan,1.1,,,nan
39003,42804-HTConsumer,1S-MH-MU-ZSC-CL04-3644,nan,1.2,,,nan
39004,18725-HTConsumer,1S-MH-MU-ZSC-CL04-2090,nan,2,,,nan
39006,9577-HTConsumer,1S-MH-MU-ZSC-CL04-2899,nan,1.1,,,nan
39018,39018-Stn Xmer,1S-MH-MU-ZSC-RSTN-JBNA,1S-MH-MU-ZSC-RSTN-JBNA,1,2024-12-03,75.57236363636363,1S-MH-MU-ZSC-RSTN-JBNA
39020,17167-HTConsumer,1S-MH-MU-ZSC-CL04-2094,nan,2.2,,,nan
39020,17165-HTConsumer,1S-MH-MU-ZSC-CL04-2094,nan,2.3,,,nan
39021,28168-HTConsumer,1S-MH-MU-ZSC-CL04-2127,nan,2,,,nan
39026,12861-HTConsumer,1S-MH-MU-ZSC-CL04-2024,nan,1.1,,,nan
39026,12857-HTConsumer,1S-MH-MU-ZSC-CL04-2024,nan,1.2,,,nan
39027,39027-CAP BANK,1S-MH-MU-ZSC-RSTN-JBNA,1S-MH-MU-ZSC-RSTN-JBNA,1,2024-12-03,75.57236363636363,1S-MH-MU-ZSC-RSTN-JBNA
39029,19401-HTConsumer,1S-MH-MU-ZSC-CL04-2891,nan,1.1,,,nan
39029,19397-HTConsumer,1S-MH-MU-ZSC-CL04-2891,nan,1.2,,,nan
39030,17294-HTConsumer,1S-MH-MU-ZSC-CL04-2293,nan,1.1,,,nan
39030,17298-HTConsumer,1S-MH-MU-ZSC-CL04-2293,nan,1.2,,,nan
39030,17299-HTConsumer,1S-MH-MU-ZSC-CL04-2293,nan,1.3,,,nan
39032,28139-HTConsumer,1S-MH-MU-ZST-CL08-0328,nan,7.1,,,nan
39036,39036-CAP BANK,1S-MH-MU-ZSC-RSTN-JBNA,1S-MH-MU-ZSC-RSTN-JBNA,1,2024-12-03,75.57236363636363,1S-MH-MU-ZSC-RSTN-JBNA
39036,40813-HTConsumer,1S-MH-MU-ZSC-CL04-2127,nan,3,,,nan
28672,28672-CAP BANK,1S-MH-MU-ZST-RSTN-JUHN,1S-MH-MU-ZST-RSTN-JUHN,1,2025-02-07,377.310243902439,1S-MH-MU-ZST-RSTN-JUHN
28673,28673-Stn Xmer,1S-MH-MU-ZST-RSTN-JUHN,1S-MH-MU-ZST-RSTN-JUHN,1,2025-02-07,377.310243902439,1S-MH-MU-ZST-RSTN-JUHN
28674,36135-HTConsumer,1S-MH-MU-ZST-CL04-0233,nan,4.1,,,nan
28677,19510-HTConsumer,1S-MH-MU-ZST-CL04-0194,nan,1.1,,,nan
28680,17964-HTConsumer,1S-MH-MU-ZST-CL04-0234,nan,1.1,,,nan
28680,18712-HTConsumer,1S-MH-MU-ZST-CL04-0234,nan,1.2,,,nan
28682,10382-HTConsumer,1S-MH-MU-ZST-CL04-0433,nan,2.1,,,nan
28683,28683-CAP BANK,1S-MH-MU-ZST-RSTN-JUHN,1S-MH-MU-ZST-RSTN-JUHN,1,2025-02-07,377.310243902439,1S-MH-MU-ZST-RSTN-JUHN
28478,5050-HTConsumer,1S-MH-MU-ZSC-CL07-2077,nan,7.2,,,nan
28481,28481-CAP BANK,1S-MH-MU-ZST-RSTN-JUHU,1S-MH-MU-ZST-RSTN-JUHU,1,2011-08-17,187.98095238095237,1S-MH-MU-ZST-RSTN-JUHU
28488,28488-CAP BANK,1S-MH-MU-ZST-RSTN-JUHU,1S-MH-MU-ZST-RSTN-JUHU,1,2011-08-17,187.98095238095237,1S-MH-MU-ZST-RSTN-JUHU
28489,35963-HTConsumer,1S-MH-MU-ZST-CL04-1105,nan,1.1,,,nan
28490,14781-HTConsumer,1S-MH-MU-ZST-CL04-0387,nan,6.1,,,nan
28492,7213-HTConsumer,1S-MH-MU-ZST-CL04-0370,nan,7,,,nan
28492,12583-HTConsumer,1S-MH-MU-ZST-CL04-0370,nan,6.1,,,nan
42139,42139-CAP BANK,1S-MH-MU-ZCT-RSTN-KADA,1S-MH-MU-ZCT-RSTN-KADA,1,,,1S-MH-MU-ZCT-RSTN-KADA
42148,42148-CAP BANK,1S-MH-MU-ZCT-RSTN-KADA,1S-MH-MU-ZCT-RSTN-KADA,1,,,1S-MH-MU-ZCT-RSTN-KADA
6528,32244-HTConsumer,1S-MH-MU-ZST-CL05-0836,nan,1.2,,,nan
6530,35284-HTConsumer,1S-MH-MU-ZST-CL06-0204,nan,1.2,,,nan
6531,9405-HTConsumer,1S-MH-MU-ZST-CL06-0185,nan,4.2,,,nan
7036,37230-HTConsumer,1S-MH-MU-ZST-CL05-1189,nan,2.1,,,nan
7039,6516-HTConsumer,1S-MH-MU-ZST-CL01-0061,nan,3.2,,,nan
11827,11827-CAP BANK,1S-MH-MU-ZST-RSTN-KALA,1S-MH-MU-ZST-RSTN-KALA,1,2025-02-07,191.55841584158418,1S-MH-MU-ZST-RSTN-KALA
11828,30026-HTConsumer,1S-MH-MU-ZST-CL05-0778,nan,1.1,,,nan
13439,15312-HTConsumer,1S-MH-MU-ZST-CL05-0366,nan,3.1,,,nan
13440,42723-HTConsumer,1S-MH-MU-ZST-CL05-0201,nan,2,,,nan
13441,13441-CAP BANK,1S-MH-MU-ZST-RSTN-KALA,1S-MH-MU-ZST-RSTN-KALA,1,2025-02-07,191.55841584158418,1S-MH-MU-ZST-RSTN-KALA
30960,30110-HTConsumer,1S-MH-MU-ZST-CL05-0780,nan,2.1,,,nan
30961,36458-HTConsumer,1S-MH-MU-ZST-CL05-1141,nan,1.1,,,nan
30964,10253-HTConsumer,1S-MH-MU-ZST-CL05-0095,nan,1.1,,,nan
30966,30966-Stn Xmer,1S-MH-MU-ZST-RSTN-KALA,1S-MH-MU-ZST-RSTN-KALA,1,2025-02-07,191.55841584158418,1S-MH-MU-ZST-RSTN-KALA
30967,30967-CAP BANK,1S-MH-MU-ZST-RSTN-KALA,1S-MH-MU-ZST-RSTN-KALA,1,2025-02-07,191.55841584158418,1S-MH-MU-ZST-RSTN-KALA
35366,5696-HTConsumer,1S-MH-MU-ZST-CL07-0024,nan,2.1,,,nan
35369,26102-HTConsumer,1S-MH-MU-ZST-CL07-0272,nan,2.1,,,nan
35370,4226-HTConsumer,1S-MH-MU-ZST-CL07-0024,nan,5,,,nan
35371,35371-CAP BANK,1S-MH-MU-ZST-RSTN-KALI,1S-MH-MU-ZST-RSTN-KALI,1,,,1S-MH-MU-ZST-RSTN-KALI
35379,35379-CAP BANK,1S-MH-MU-ZST-RSTN-KALI,1S-MH-MU-ZST-RSTN-KALI,1,,,1S-MH-MU-ZST-RSTN-KALI
34164,34164-Stn Xmer,1S-MH-MU-ZET-RSTN-KALP,1S-MH-MU-ZET-RSTN-KALP,1,2025-02-07,57.80528301886792,1S-MH-MU-ZET-RSTN-KALP
3808,3808-Stn Xmer,1S-MH-MU-ZNT-RSTN-KANA,1S-MH-MU-ZNT-RSTN-KANA,1,,,1S-MH-MU-ZNT-RSTN-KANA
3809,3809-CAP BANK,1S-MH-MU-ZNT-RSTN-KANA,1S-MH-MU-ZNT-RSTN-KANA,1,,,1S-MH-MU-ZNT-RSTN-KANA
3812,17250-HTConsumer,1S-MH-MU-ZNT-CL01-6041,nan,3.1,,,nan
3816,40771-HTConsumer,1S-MH-MU-ZNT-CL01-6351,nan,6.1,,,nan
3816,40771-HTConsumer,1S-MH-MU-ZNT-CL01-6351,nan,1.4.1,,,nan
3818,3818-CAP BANK,1S-MH-MU-ZNT-RSTN-KANA,1S-MH-MU-ZNT-RSTN-KANA,1,,,1S-MH-MU-ZNT-RSTN-KANA
16775,16775-Stn Xmer,1S-MH-MU-ZCT-RSTN-KAND,1S-MH-MU-ZCT-RSTN-KAND,1,2018-01-05,411.94529147982064,1S-MH-MU-ZCT-RSTN-KAND
16779,16779-CAP BANK,1S-MH-MU-ZCT-RSTN-KAND,1S-MH-MU-ZCT-RSTN-KAND,1,2018-01-05,411.94529147982064,1S-MH-MU-ZCT-RSTN-KAND
16785,16785-CAP BANK,1S-MH-MU-ZCT-RSTN-KAND,1S-MH-MU-ZCT-RSTN-KAND,1,2018-01-05,411.94529147982064,1S-MH-MU-ZCT-RSTN-KAND
16786,16786-Stn Xmer,1S-MH-MU-ZCT-RSTN-KAND,1S-MH-MU-ZCT-RSTN-KAND,1,2018-01-05,411.94529147982064,1S-MH-MU-ZCT-RSTN-KAND
39600,39600-CAP BANK,1S-MH-MU-ZST-RSTN-KHAR,1S-MH-MU-ZST-RSTN-KHAR,1,2025-04-04,102.34516129032258,1S-MH-MU-ZST-RSTN-KHAR
39605,39605-DT,1S-MH-MU-ZST-RSTN-KHAR,1S-MH-MU-ZST-RSTN-KHAR,2,2025-04-04,102.34516129032258,1S-MH-MU-ZST-RSTN-KHAR
26312,25646-HTConsumer,1S-MH-MU-ZNT-CL06-6916,nan,9.1,,,nan
26315,26315-CAP BANK,1S-MH-MU-ZCT-RSTN-KIES,1S-MH-MU-ZCT-RSTN-KIES,1,,,1S-MH-MU-ZCT-RSTN-KIES
30902,30902-CAP BANK,1S-MH-MU-ZCT-RSTN-KIES,1S-MH-MU-ZCT-RSTN-KIES,1,,,1S-MH-MU-ZCT-RSTN-KIES
35869,4681-HTConsumer,1S-MH-MU-ZCT-CL05-4396,nan,2.1,,,nan
35870,42225-DT,1S-MH-MU-ZCT-CL05-5740,nan,6,,,nan
35876,35876-CAP BANK,1S-MH-MU-ZCT-RSTN-KIES,1S-MH-MU-ZCT-RSTN-KIES,1,,,1S-MH-MU-ZCT-RSTN-KIES
35879,35879-CAP BANK,1S-MH-MU-ZCT-RSTN-KIES,1S-MH-MU-ZCT-RSTN-KIES,1,,,1S-MH-MU-ZCT-RSTN-KIES
35885,41198-HTConsumer,1S-MH-MU-ZCT-CL05-4566,nan,4.2,,,nan
31438,35688-HTConsumer,1S-MH-MU-ZET-CL03-9500,nan,1.1,,,nan
31444,31444-Stn Xmer,1S-MH-MU-ZET-RSTN-KOHI,1S-MH-MU-ZET-RSTN-KOHI,1,2025-02-07,70.82738095238095,1S-MH-MU-ZET-RSTN-KOHI
31445,31445-CAP BANK,1S-MH-MU-ZET-RSTN-KOHI,1S-MH-MU-ZET-RSTN-KOHI,1,2025-02-07,70.82738095238095,1S-MH-MU-ZET-RSTN-KOHI
31447,34489-HTConsumer,1S-MH-MU-ZET-CL04-8578,nan,2.1,,,nan
31447,16007-HTConsumer,1S-MH-MU-ZET-CL04-8578,nan,2.2,,,nan
31448,34627-HTConsumer,1S-MH-MU-ZET-CL03-9377,nan,2.1,,,nan
31450,32040-HTConsumer,1S-MH-MU-ZET-CL03-9340,nan,1.1,,,nan
31451,32404-HTConsumer,1S-MH-MU-ZET-CL03-9292,nan,1.1,,,nan
31451,32401-HTConsumer,1S-MH-MU-ZET-CL03-9292,nan,1.2,,,nan
31454,31454-CAP BANK,1S-MH-MU-ZET-RSTN-KOHI,1S-MH-MU-ZET-RSTN-KOHI,1,2025-02-07,70.82738095238095,1S-MH-MU-ZET-RSTN-KOHI
28196,38035-HTConsumer,1S-MH-MU-ZET-CL03-9668,nan,3.1,,,nan
134,134-CAP BANK,1S-MH-MU-ZET-RSTN-KURL,1S-MH-MU-ZET-RSTN-KURL,1,2015-05-04,267.8853658536585,1S-MH-MU-ZET-RSTN-KURL
2031,2031-CAP BANK,1S-MH-MU-ZET-RSTN-KURL,1S-MH-MU-ZET-RSTN-KURL,2,2015-05-04,267.8853658536585,1S-MH-MU-ZET-RSTN-KURL
28197,31501-HTConsumer,1S-MH-MU-ZET-CL13-9235,nan,1.2,,,nan
28199,28199-CAP BANK,1S-MH-MU-ZET-RSTN-KURL,1S-MH-MU-ZET-RSTN-KURL,1,2015-05-04,267.8853658536585,1S-MH-MU-ZET-RSTN-KURL
29977,12376-HTConsumer,1S-MH-MU-ZCT-CL10-4320,nan,2,,,nan
29984,29984-CAP BANK,1S-MH-MU-ZCT-RSTN-LOKH,1S-MH-MU-ZCT-RSTN-LOKH,1,2025-04-04,178.60042780748662,1S-MH-MU-ZCT-RSTN-LOKH
29986,4735-HTConsumer,1S-MH-MU-ZCT-CL10-4320,nan,2,,,nan
29992,29992-Stn Xmer,1S-MH-MU-ZCT-RSTN-LOKH,1S-MH-MU-ZCT-RSTN-LOKH,1,2025-04-04,178.60042780748662,1S-MH-MU-ZCT-RSTN-LOKH
29993,29993-CAP BANK,1S-MH-MU-ZCT-RSTN-LOKH,1S-MH-MU-ZCT-RSTN-LOKH,1,2025-04-04,178.60042780748662,1S-MH-MU-ZCT-RSTN-LOKH
7818,7818-HTConsumer,1S-MH-MU-ZCT-RSTN-MAHA,1S-MH-MU-ZCT-RSTN-MAHA,1,2018-01-05,66.53122807017544,1S-MH-MU-ZCT-RSTN-MAHA
7819,7819-HTConsumer,1S-MH-MU-ZCT-RSTN-MAHA,1S-MH-MU-ZCT-RSTN-MAHA,1,2018-01-05,66.53122807017544,1S-MH-MU-ZCT-RSTN-MAHA
7825,7825-CAP BANK,1S-MH-MU-ZCT-RSTN-MAHA,1S-MH-MU-ZCT-RSTN-MAHA,1,2018-01-05,66.53122807017544,1S-MH-MU-ZCT-RSTN-MAHA
7828,5789-HTConsumer,1S-MH-MU-ZCT-CL07-4661,nan,2.2,,,nan
7828,30121-HTConsumer,1S-MH-MU-ZCT-CL07-5086,nan,1.1,,,nan
7830,32585-GOD425,1S-MH-MU-ZCT-CL07-4011,nan,2.2.1,,,nan
9257,9257-HTConsumer,1S-MH-MU-ZCT-RSTN-MAHA,1S-MH-MU-ZCT-RSTN-MAHA,1,2018-01-05,66.53122807017544,1S-MH-MU-ZCT-RSTN-MAHA
12078,12078-HTConsumer,1S-MH-MU-ZCT-RSTN-MAHA,1S-MH-MU-ZCT-RSTN-MAHA,1,2018-01-05,66.53122807017544,1S-MH-MU-ZCT-RSTN-MAHA
12079,12079-CAP BANK,1S-MH-MU-ZCT-RSTN-MAHA,1S-MH-MU-ZCT-RSTN-MAHA,1,2018-01-05,66.53122807017544,1S-MH-MU-ZCT-RSTN-MAHA
26038,26038-Stn Xmer,1S-MH-MU-ZCT-RSTN-MAHA,1S-MH-MU-ZCT-RSTN-MAHA,1,2018-01-05,66.53122807017544,1S-MH-MU-ZCT-RSTN-MAHA
26039,26039-CAP BANK,1S-MH-MU-ZCT-RSTN-MAHA,1S-MH-MU-ZCT-RSTN-MAHA,1,2018-01-05,66.53122807017544,1S-MH-MU-ZCT-RSTN-MAHA
3608,43544-DT,1S-MH-MU-ZET-CL10-9606,nan,1.1,,,nan
3609,2964-HTConsumer,1S-MH-MU-ZET-CL10-8529,nan,1.2,,,nan
3610,3610-CAP BANK,1S-MH-MU-ZET-RSTN-MAHU,1S-MH-MU-ZET-RSTN-MAHU,1,,,1S-MH-MU-ZET-RSTN-MAHU
3618,3618-CAP BANK,1S-MH-MU-ZET-RSTN-MAHU,1S-MH-MU-ZET-RSTN-MAHU,1,,,1S-MH-MU-ZET-RSTN-MAHU
38988,38627-HTConsumer,1S-MH-MU-ZST-CL05-1276,nan,2,,,nan
38988,38628-HTConsumer,1S-MH-MU-ZST-CL05-1276,nan,1.1,,,nan
38994,40188-HTConsumer,1S-MH-MU-ZST-CL06-1342,nan,5.1,,,nan
18450,18450-Stn Xmer,1S-MH-MU-ZCT-RSTN-MALA,1S-MH-MU-ZCT-RSTN-MALA,1,2018-01-05,459.6467661691542,1S-MH-MU-ZCT-RSTN-MALA
18451,18451-CAP BANK,1S-MH-MU-ZCT-RSTN-MALA,1S-MH-MU-ZCT-RSTN-MALA,1,2018-01-05,459.6467661691542,1S-MH-MU-ZCT-RSTN-MALA
29554,29554-CAP BANK,1S-MH-MU-ZCT-RSTN-MALA,1S-MH-MU-ZCT-RSTN-MALA,1,2018-01-05,459.6467661691542,1S-MH-MU-ZCT-RSTN-MALA
29560,896-HTConsumer,1S-MH-MU-ZCT-CL03-4443,nan,1.2,,,nan
29562,39394-DT,1S-MH-MU-ZCT-CL03-5450,1S-MH-MU-ZCT-CL08-5226,7.2.1,2025-04-04,139.70242990654205,1S-MH-MU-ZCT-CL08-5226
29565,37289-HTConsumer,1S-MH-MU-ZCT-CL03-5500,nan,1.1,,,nan
29566,29566-CAP BANK,1S-MH-MU-ZCT-RSTN-MALA,1S-MH-MU-ZCT-RSTN-MALA,1,2018-01-05,459.6467661691542,1S-MH-MU-ZCT-RSTN-MALA
29567,36192-HTConsumer,1S-MH-MU-ZCT-CL03-4493,nan,1.1,,,nan
29568,41043-HTConsumer,1S-MH-MU-ZCT-CL10-5724,nan,14,,,nan
30134,30134-Stn Xmer,1S-MH-MU-ZCT-RSTN-MALA,1S-MH-MU-ZCT-RSTN-MALA,1,2018-01-05,459.6467661691542,1S-MH-MU-ZCT-RSTN-MALA
30135,37844-HTConsumer,1S-MH-MU-ZCT-CL03-5133,nan,1.2,,,nan
3726,3726-Stn Xmer,1S-MH-MU-ZSC-RSTN-MARO,1S-MH-MU-ZSC-RSTN-MARO,1,2024-12-03,20.283956043956042,1S-MH-MU-ZSC-RSTN-MARO
3731,15199-HTConsumer,1S-MH-MU-ZSC-CL10-2547,nan,2.2,,,nan
3732,28000-HTConsumer,1S-MH-MU-ZSC-CL04-2493,nan,10,,,nan
3732,28000-HTConsumer,1S-MH-MU-ZSC-CL04-2493,nan,7.2,,,nan
3737,3737-CAP BANK,1S-MH-MU-ZSC-RSTN-MARO,1S-MH-MU-ZSC-RSTN-MARO,1,2024-12-03,20.283956043956042,1S-MH-MU-ZSC-RSTN-MARO
40362,19836-HTConsumer,1S-MH-MU-ZSC-CL02-2924,nan,9.1,,,nan
40368,32288-HTConsumer,1S-MH-MU-ZSC-CL02-3223,nan,8,,,nan
40368,32291-HTConsumer,1S-MH-MU-ZSC-CL02-3223,nan,7.1,,,nan
40369,40369-CAP BANK,1S-MH-MU-ZSC-RSTN-MEGH,1S-MH-MU-ZSC-RSTN-MEGH,1,2012-05-30,369.36879999999996,1S-MH-MU-ZSC-RSTN-MEGH
40373,6601-nan,1S-MH-MU-ZSC-CL02-2421,nan,7,,,nan
40377,40377-CAP BANK,1S-MH-MU-ZSC-RSTN-MEGH,1S-MH-MU-ZSC-RSTN-MEGH,1,2012-05-30,369.36879999999996,1S-MH-MU-ZSC-RSTN-MEGH
38723,41924-HTConsumer,1S-MH-MU-ZET-CL12-9791,nan,8,,,nan
38726,34385-HTConsumer,1S-MH-MU-ZET-CL12-9352,nan,1.1,,,nan
38727,38727-Stn Xmer,1S-MH-MU-ZET-RSTN-MANK,1S-MH-MU-ZET-RSTN-MANK,1,2025-02-07,70.86075949367088,1S-MH-MU-ZET-RSTN-MANK
38728,38728-CAP BANK,1S-MH-MU-ZET-RSTN-MANK,1S-MH-MU-ZET-RSTN-MANK,1,2025-02-07,70.86075949367088,1S-MH-MU-ZET-RSTN-MANK
38731,42155-DT,1S-MH-MU-ZET-CL12-9775,1S-MH-MU-ZET-CL12-9795,5.1,2025-04-04,593.9364705882354,1S-MH-MU-ZET-CL12-9795
39156,39156-CAP BANK,1S-MH-MU-ZET-RSTN-MANK,1S-MH-MU-ZET-RSTN-MANK,1,2025-02-07,70.86075949367088,1S-MH-MU-ZET-RSTN-MANK
39142,43128-DT,1S-MH-MU-ZET-CL08-9867,nan,5.1,,,nan
39147,39147-CAP BANK,1S-MH-MU-ZET-RSTN-SAHK,1S-MH-MU-ZET-RSTN-SAHK,1,2025-02-07,2.4581818181818185,1S-MH-MU-ZET-RSTN-SAHK
39149,39149-Stn Xmer,1S-MH-MU-ZET-RSTN-SAHK,1S-MH-MU-ZET-RSTN-SAHK,1,2025-02-07,2.4581818181818185,1S-MH-MU-ZET-RSTN-SAHK
17805,14450-HTConsumer,1S-MH-MU-ZSC-CL01-2492,nan,2.1,,,nan
17806,36127-HTConsumer,1S-MH-MU-ZSC-CL01-2194,nan,8.1,,,nan
17809,17809-CAP BANK,1S-MH-MU-ZSC-RSTN-MIDC,1S-MH-MU-ZSC-RSTN-MIDC,1,2024-12-03,381.3090909090909,1S-MH-MU-ZSC-RSTN-MIDC
17812,16296-HTConsumer,1S-MH-MU-ZSC-CL01-2273,nan,5,,,nan
17812,16296-HTConsumer,1S-MH-MU-ZSC-CL01-2273,nan,5,,,nan
17815,14296-HTConsumer,1S-MH-MU-ZSC-CL01-2121,nan,1.2,,,nan
17818,17818-CAP BANK,1S-MH-MU-ZSC-RSTN-MIDC,1S-MH-MU-ZSC-RSTN-MIDC,2,2024-12-03,381.3090909090909,1S-MH-MU-ZSC-RSTN-MIDC
17820,19256-HTConsumer,1S-MH-MU-ZSC-CL01-2875,nan,1.2,,,nan
17823,10845-HTConsumer,1S-MH-MU-ZSC-CL01-2211,nan,1.3,,,nan
17827,17827-CAP BANK,1S-MH-MU-ZSC-RSTN-MIDC,1S-MH-MU-ZSC-RSTN-MIDC,1,2024-12-03,381.3090909090909,1S-MH-MU-ZSC-RSTN-MIDC
28747,36294-HTConsumer,1S-MH-MU-ZSC-CL01-2199,nan,1.1,,,nan
28750,28750-Stn Xmer,1S-MH-MU-ZSC-RSTN-MIDC,1S-MH-MU-ZSC-RSTN-MIDC,1,2024-12-03,381.3090909090909,1S-MH-MU-ZSC-RSTN-MIDC
28751,28751-CAP BANK,1S-MH-MU-ZSC-RSTN-MIDC,1S-MH-MU-ZSC-RSTN-MIDC,1,2024-12-03,381.3090909090909,1S-MH-MU-ZSC-RSTN-MIDC
26969,26969-CAP BANK,1S-MH-MU-ZCT-RSTN-MIND,1S-MH-MU-ZCT-RSTN-MIND,1,2025-04-04,12.748118811881188,1S-MH-MU-ZCT-RSTN-MIND
26970,16431-HTConsumer,1S-MH-MU-ZCT-CL01-4224,nan,13,,,nan
26971,14726-HTConsumer,1S-MH-MU-ZCT-CL02-4285,nan,3.2,,,nan
26972,25409-HTConsumer,1S-MH-MU-ZCT-CL02-4887,nan,2.1,,,nan
26978,26978-CAP BANK,1S-MH-MU-ZCT-RSTN-MIND,1S-MH-MU-ZCT-RSTN-MIND,1,2025-04-04,12.748118811881188,1S-MH-MU-ZCT-RSTN-MIND
26980,25401-HTConsumer,1S-MH-MU-ZCT-CL02-4887,nan,2,,,nan
39370,39370-Stn Xmer,1S-MH-MU-ZCT-RSTN-MIND,1S-MH-MU-ZCT-RSTN-MIND,1,2025-04-04,12.748118811881188,1S-MH-MU-ZCT-RSTN-MIND
18632,35074-HTConsumer,1S-MH-MU-ZNT-CL04-7453,nan,3.1,,,nan
18633,42915-DT,1S-MH-MU-ZNT-CL04-7592,1S-MH-MU-ZNT-CL04-7210,1.3.1,,,1S-MH-MU-ZNT-CL04-7210
18635,26955-HTConsumer,1S-MH-MU-ZNT-CL04-6954,nan,3.1,,,nan
18639,18639-CAP BANK,1S-MH-MU-ZNT-RSTN-MIRA,1S-MH-MU-ZNT-RSTN-MIRA,1,,,1S-MH-MU-ZNT-RSTN-MIRA
18642,32076-HTConsumer,1S-MH-MU-ZNT-CL11-6790,nan,1.1,,,nan
18647,18647-CAP BANK,1S-MH-MU-ZNT-RSTN-MIRA,1S-MH-MU-ZNT-RSTN-MIRA,1,,,1S-MH-MU-ZNT-RSTN-MIRA
18648,17901-DT,1S-MH-MU-ZNT-CL09-6612,DT,4.2,,,DT
26106,42716-HTConsumer,1S-MH-MU-ZNT-CL04-7998,nan,7.1,,,nan
26107,16207-HTConsumer,1S-MH-MU-ZNT-CL09-6432,nan,3,,,nan
26112,26112-Stn Xmer,1S-MH-MU-ZNT-RSTN-MIRA,1S-MH-MU-ZNT-RSTN-MIRA,1,,,1S-MH-MU-ZNT-RSTN-MIRA
26113,26113-CAP BANK,1S-MH-MU-ZNT-RSTN-MIRA,1S-MH-MU-ZNT-RSTN-MIRA,1,,,1S-MH-MU-ZNT-RSTN-MIRA
18090,18863-HTConsumer,1S-MH-MU-ZST-CL05-0076,nan,1.2,,,nan
18094,42221-HTConsumer,1S-MH-MU-ZST-CL05-1364,nan,2.2,,,nan
18094,42218-HTConsumer,1S-MH-MU-ZST-CL05-1364,nan,2.3,,,nan
18094,42222-HTConsumer,1S-MH-MU-ZST-CL05-1364,nan,2.4,,,nan
18097,19749-HTConsumer,1S-MH-MU-ZST-CL05-0621,nan,2.1,,,nan
18100,35751-HTConsumer,1S-MH-MU-ZST-CL07-1062,nan,5.1,,,nan
18101,39781-HTConsumer,1S-MH-MU-ZST-CL07-1334,nan,2,,,nan
18102,36473-HTConsumer,1S-MH-MU-ZST-CL05-1142,nan,2,,,nan
18102,36474-HTConsumer,1S-MH-MU-ZST-CL05-1142,nan,1.1,,,nan
18103,39525-HTConsumer,1S-MH-MU-ZST-CL05-1321,nan,7.1,,,nan
18105,19142-HTConsumer,1S-MH-MU-ZST-CL07-0173,nan,2,,,nan
18105,19143-HTConsumer,1S-MH-MU-ZST-CL07-0173,nan,1.1,,,nan
18106,31638-HTConsumer,1S-MH-MU-ZST-CL05-0820,nan,1.1,,,nan
26716,35340-HTConsumer,1S-MH-MU-ZST-CL05-0840,nan,2.1,,,nan
26717,41762-HTConsumer,1S-MH-MU-ZST-CL05-1233,nan,1.1,,,nan
26717,41763-HTConsumer,1S-MH-MU-ZST-CL05-1233,nan,1.2,,,nan
26717,41765-HTConsumer,1S-MH-MU-ZST-CL05-1233,nan,1.3,,,nan
26719,42717-HTConsumer,1S-MH-MU-ZST-CL05-0201,nan,2,,,nan
26721,29650-HTConsumer,1S-MH-MU-ZST-CL05-0753,nan,1.1,,,nan
26722,19139-HTConsumer,1S-MH-MU-ZST-CL07-0173,nan,2,,,nan
26722,19140-HTConsumer,1S-MH-MU-ZST-CL07-0173,nan,1.1,,,nan
35593,32279-HTConsumer,1S-MH-MU-ZST-CL05-0838,nan,1.1,,,nan
35594,29822-HTConsumer,1S-MH-MU-ZST-CL05-0757,nan,5,,,nan
35596,19233-HTConsumer,1S-MH-MU-ZST-CL05-0609,nan,2,,,nan
35596,19229-HTConsumer,1S-MH-MU-ZST-CL05-0609,nan,1.1,,,nan
35597,41263-HTConsumer,1S-MH-MU-ZST-CL05-1351,nan,1.1,,,nan
36760,39863-HTConsumer,1S-MH-MU-ZET-CL14-9740,nan,4,,,nan
36760,39863-HTConsumer,1S-MH-MU-ZET-CL14-9740,nan,2.2,,,nan
36760,39863-HTConsumer,1S-MH-MU-ZET-CL14-9740,nan,2.3,,,nan
36760,39863-HTConsumer,1S-MH-MU-ZET-CL14-9740,nan,2.4,,,nan
36760,39863-HTConsumer,1S-MH-MU-ZET-CL14-9740,nan,2.5,,,nan
36761,39867-HTConsumer,1S-MH-MU-ZET-CL14-9741,nan,2,,,nan
40514,41540-HTConsumer,1S-MH-MU-ZET-CL14-9741,nan,2,,,nan
40515,39887-HTConsumer,1S-MH-MU-ZET-CL14-9741,nan,2,,,nan
40517,39855-HTConsumer,1S-MH-MU-ZET-CL14-9740,nan,3,,,nan
37014,4040-HTConsumer,1S-MH-MU-ZET-CL08-8804,nan,4.1,,,nan
37016,37016-CAP BANK,1S-MH-MU-ZET-RSTN-NATW,1S-MH-MU-ZET-RSTN-NATW,1,,,1S-MH-MU-ZET-RSTN-NATW
37019,29264-HTConsumer,1S-MH-MU-ZET-CL08-9127,nan,3.1,,,nan
37019,32617-HTConsumer,1S-MH-MU-ZET-CL08-9300,nan,1.1,,,nan
37025,37025-CAP BANK,1S-MH-MU-ZET-RSTN-NATW,1S-MH-MU-ZET-RSTN-NATW,1,,,1S-MH-MU-ZET-RSTN-NATW
39636,42352-HTConsumer,1S-MH-MU-ZCT-CL07-5745,nan,1.1,,,nan
39637,39637-HTConsumer,1S-MH-MU-ZCT-RSTN-NESC,nan,1,,,nan
39638,5077-CAP BANK,1S-MH-MU-ZCT-CL07-4751,1S-MH-MU-ZCT-CL07-4568,2.1,2025-04-04,159.36768079800498,1S-MH-MU-ZCT-CL07-4568
39641,39641-Stn Xmer,1S-MH-MU-ZCT-RSTN-NESC,1S-MH-MU-ZCT-RSTN-NESC,1,,,1S-MH-MU-ZCT-RSTN-NESC
39642,39642-Stn Xmer,1S-MH-MU-ZCT-RSTN-NESC,1S-MH-MU-ZCT-RSTN-NESC,1,,,1S-MH-MU-ZCT-RSTN-NESC
39645,39645-Stn Xmer,1S-MH-MU-ZCT-RSTN-NESC,1S-MH-MU-ZCT-RSTN-NESC,1,,,1S-MH-MU-ZCT-RSTN-NESC
39649,39649-HTConsumer,1S-MH-MU-ZCT-RSTN-NESC,nan,1,,,nan
32526,42363-DT,1S-MH-MU-ZCT-CL07-5745,nan,1.1,,,nan
32526,42366-HTConsumer,1S-MH-MU-ZCT-CL07-5745,nan,1.2,,,nan
26318,26318-DT,1S-MH-MU-ZCT-RSTN-NIRL,DT,2,,,DT
26322,34338-HTConsumer,1S-MH-MU-ZCT-CL07-5203,nan,2.1,,,nan
26324,26324-CAP BANK,1S-MH-MU-ZCT-RSTN-NIRL,1S-MH-MU-ZCT-RSTN-NIRL,1,2010-11-11,177.84,1S-MH-MU-ZCT-RSTN-NIRL
26327,30854-HTConsumer,1S-MH-MU-ZCT-CL07-5122,nan,1.1,,,nan
26328,41023-HTConsumer,1S-MH-MU-ZCT-CL07-5725,nan,1.2,,,nan
26330,41522-DT,1S-MH-MU-ZCT-CL07-5662,1S-MH-MU-ZCT-CL10-5591,5.1.1,,,1S-MH-MU-ZCT-CL10-5591
26330,19394-HTConsumer,1S-MH-MU-ZCT-CL07-4832,nan,1.1.1,,,nan
26332,36855-HTConsumer,1S-MH-MU-ZCT-CL07-5462,nan,2,,,nan
26333,26333-CAP BANK,1S-MH-MU-ZCT-RSTN-NIRL,1S-MH-MU-ZCT-RSTN-NIRL,1,2010-11-11,177.84,1S-MH-MU-ZCT-RSTN-NIRL
32530,31429-HTConsumer,1S-MH-MU-ZCT-CL07-5141,nan,2,,,nan
32530,31427-HTConsumer,1S-MH-MU-ZCT-CL07-5141,nan,1.1,,,nan
32531,35933-HTConsumer,1S-MH-MU-ZCT-CL07-5365,nan,3,,,nan
32531,35930-HTConsumer,1S-MH-MU-ZCT-CL07-5365,nan,2.1,,,nan
32532,32532-CAP BANK,1S-MH-MU-ZCT-RSTN-NIRL,1S-MH-MU-ZCT-RSTN-NIRL,1,2010-11-11,177.84,1S-MH-MU-ZCT-RSTN-NIRL
3637,36025-HTConsumer,1S-MH-MU-ZCT-CL09-5369,nan,3.1,,,nan
3641,3641-CAP BANK,1S-MH-MU-ZCT-RSTN-OMKA,1S-MH-MU-ZCT-RSTN-OMKA,1,2025-04-04,81.5132530120482,1S-MH-MU-ZCT-RSTN-OMKA
3646,41350-DT,1S-MH-MU-ZCT-CL09-5458,nan,7.1.1,,,nan
3648,3648-Stn Xmer,1S-MH-MU-ZCT-RSTN-OMKA,1S-MH-MU-ZCT-RSTN-OMKA,1,2025-04-04,81.5132530120482,1S-MH-MU-ZCT-RSTN-OMKA
3649,3649-CAP BANK,1S-MH-MU-ZCT-RSTN-OMKA,1S-MH-MU-ZCT-RSTN-OMKA,1,2025-04-04,81.5132530120482,1S-MH-MU-ZCT-RSTN-OMKA
40313,32130-HTConsumer,1S-MH-MU-ZCT-CL07-5161,nan,4.1,,,nan
40313,32128-HTConsumer,1S-MH-MU-ZCT-CL07-5161,nan,4.2,,,nan
40304,40304-Stn Xmer,1S-MH-MU-ZCT-RSTN-OSHI,1S-MH-MU-ZCT-RSTN-OSHI,1,2025-04-04,8.572799999999999,1S-MH-MU-ZCT-RSTN-OSHI
38712,38712-CAP BANK,1S-MH-MU-ZST-RSTN-PALI,1S-MH-MU-ZST-RSTN-PALI,1,2025-04-04,132.05194805194805,1S-MH-MU-ZST-RSTN-PALI
38715,38715-CAP BANK,1S-MH-MU-ZST-RSTN-PALI,1S-MH-MU-ZST-RSTN-PALI,1,2025-04-04,132.05194805194805,1S-MH-MU-ZST-RSTN-PALI
38720,38720-Stn Xmer,1S-MH-MU-ZST-RSTN-PALI,1S-MH-MU-ZST-RSTN-PALI,1,2025-04-04,132.05194805194805,1S-MH-MU-ZST-RSTN-PALI
27081,18332-HTConsumer,1S-MH-MU-ZCT-CL06-4471,nan,2.2,,,nan
27083,43028-HTConsumer,1S-MH-MU-ZCT-CL02-4971,nan,2.1,,,nan
27084,27084-CAP BANK,1S-MH-MU-ZCT-RSTN-PALM,1S-MH-MU-ZCT-RSTN-PALM,1,,,1S-MH-MU-ZCT-RSTN-PALM
30031,30031-CAP BANK,1S-MH-MU-ZCT-RSTN-PALM,1S-MH-MU-ZCT-RSTN-PALM,1,,,1S-MH-MU-ZCT-RSTN-PALM
14415,42581-DT,1S-MH-MU-ZCT-CL10-5758,nan,1.1,,,nan
14418,16309-HTConsumer,1S-MH-MU-ZCT-CL10-4048,nan,6.1,,,nan
14421,14421-CAP BANK,1S-MH-MU-ZCT-RSTN-POIS,1S-MH-MU-ZCT-RSTN-POIS,1,2015-10-30,283.29213483146066,1S-MH-MU-ZCT-RSTN-POIS
14430,14430-CAP BANK,1S-MH-MU-ZCT-RSTN-POIS,1S-MH-MU-ZCT-RSTN-POIS,1,2015-10-30,283.29213483146066,1S-MH-MU-ZCT-RSTN-POIS
31052,31052-CAP BANK,1S-MH-MU-ZCT-RSTN-RAHE,1S-MH-MU-ZCT-RSTN-RAHE,1,2024-06-04,52.79483146067415,1S-MH-MU-ZCT-RSTN-RAHE
31057,30550-HTConsumer,1S-MH-MU-ZCT-CL08-5104,nan,3,,,nan
31057,30551-HTConsumer,1S-MH-MU-ZCT-CL08-5104,nan,2.1,,,nan
31057,34412-HTConsumer,1S-MH-MU-ZCT-CL08-5104,nan,2.2,,,nan
31058,43799-DT,1S-MH-MU-ZCT-CL08-5685,1S-MH-MU-ZCT-CL09-5809,4.1,2025-04-04,1.0,1S-MH-MU-ZCT-CL09-5809
31058,43799-DT,1S-MH-MU-ZCT-CL08-5685,1S-MH-MU-ZCT-CL09-5809,3.1.1,2025-04-04,1.0,1S-MH-MU-ZCT-CL09-5809
31060,31060-CAP BANK,1S-MH-MU-ZCT-RSTN-RAHE,1S-MH-MU-ZCT-RSTN-RAHE,1,2024-06-04,52.79483146067415,1S-MH-MU-ZCT-RSTN-RAHE
31063,30540-HTConsumer,1S-MH-MU-ZCT-CL08-5104,nan,2,,,nan
31063,30539-HTConsumer,1S-MH-MU-ZCT-CL08-5104,nan,1.1,,,nan
31063,30537-HTConsumer,1S-MH-MU-ZCT-CL08-5104,nan,1.2,,,nan
31064,31064-Stn Xmer,1S-MH-MU-ZCT-RSTN-RAHE,1S-MH-MU-ZCT-RSTN-RAHE,1,2024-06-04,52.79483146067415,1S-MH-MU-ZCT-RSTN-RAHE
31066,30547-HTConsumer,1S-MH-MU-ZCT-CL08-5104,nan,2,,,nan
31066,30546-HTConsumer,1S-MH-MU-ZCT-CL08-5104,nan,1.1,,,nan
31066,30544-HTConsumer,1S-MH-MU-ZCT-CL08-5104,nan,1.2,,,nan
31068,31367-HTConsumer,1S-MH-MU-ZCT-CL08-5105,nan,2,,,nan
31068,31365-HTConsumer,1S-MH-MU-ZCT-CL08-5105,nan,1.1,,,nan
32155,37206-HTConsumer,1S-MH-MU-ZCT-CL08-5499,nan,1.3,,,nan
32157,31360-HTConsumer,1S-MH-MU-ZCT-CL08-5105,nan,2,,,nan
32157,31362-HTConsumer,1S-MH-MU-ZCT-CL08-5105,nan,1.1,,,nan
38211,38211-CAP BANK,1S-MH-MU-ZNT-RSTN-RAVI,1S-MH-MU-ZNT-RSTN-RAVI,1,,,1S-MH-MU-ZNT-RSTN-RAVI
38214,38214-CAP BANK,1S-MH-MU-ZNT-RSTN-RAVI,1S-MH-MU-ZNT-RSTN-RAVI,1,,,1S-MH-MU-ZNT-RSTN-RAVI
34729,17846-nan,1S-MH-MU-ZNT-CL06-6882,nan,1.1,,,nan
34730,34730-CAP BANK,1S-MH-MU-ZCT-RSTN-RNAR,1S-MH-MU-ZCT-RSTN-RNAR,1,2017-10-07,10.9275,1S-MH-MU-ZCT-RSTN-RNAR
34739,34739-CAP BANK,1S-MH-MU-ZCT-RSTN-RNAR,1S-MH-MU-ZCT-RSTN-RNAR,1,2017-10-07,10.9275,1S-MH-MU-ZCT-RSTN-RNAR
40320,40320-Stn Xmer,1S-MH-MU-ZCT-RSTN-ROYA,1S-MH-MU-ZCT-RSTN-ROYA,1,2025-04-04,6.260425531914894,1S-MH-MU-ZCT-RSTN-ROYA
30667,30667-DT,1S-MH-MU-ZET-RSTN-RUNW,1S-MH-MU-ZET-RSTN-RUNW,1,2012-08-24,127.1909090909091,1S-MH-MU-ZET-RSTN-RUNW
30667,30667-HTConsumer,1S-MH-MU-ZET-RSTN-RUNW,nan,2,,,nan
30667,30667-HTConsumer,1S-MH-MU-ZET-RSTN-RUNW,nan,2,,,nan
30668,42318-HTConsumer,1S-MH-MU-ZET-CL04-9811,nan,2,,,nan
30670,39812-HTConsumer,1S-MH-MU-ZET-CL04-9382,nan,5.2,,,nan
30671,38362-HTConsumer,1S-MH-MU-ZET-CL04-8316,nan,3,,,nan
30674,30674-CAP BANK,1S-MH-MU-ZET-RSTN-RUNW,1S-MH-MU-ZET-RSTN-RUNW,1,2012-08-24,127.1909090909091,1S-MH-MU-ZET-RSTN-RUNW
30681,7763-HTConsumer,1S-MH-MU-ZET-CL04-8859,nan,2.1,,,nan
30682,30682-DT,1S-MH-MU-ZET-RSTN-RUNW,1S-MH-MU-ZET-RSTN-RUNW,1,2012-08-24,127.1909090909091,1S-MH-MU-ZET-RSTN-RUNW
30682,30682-HTConsumer,1S-MH-MU-ZET-RSTN-RUNW,nan,2,,,nan
30682,30682-HTConsumer,1S-MH-MU-ZET-RSTN-RUNW,nan,2,,,nan
30683,30683-CAP BANK,1S-MH-MU-ZET-RSTN-RUNW,1S-MH-MU-ZET-RSTN-RUNW,1,2012-08-24,127.1909090909091,1S-MH-MU-ZET-RSTN-RUNW
38229,38229-CAP BANK,1S-MH-MU-ZNT-RSTN-SADG,1S-MH-MU-ZNT-RSTN-SADG,1,,,1S-MH-MU-ZNT-RSTN-SADG
38236,39553-HTConsumer,1S-MH-MU-ZNT-CL11-7927,nan,2.1.1,,,nan
38237,37306-HTConsumer,1S-MH-MU-ZNT-CL12-7764,nan,8.1,,,nan
38238,38238-CAP BANK,1S-MH-MU-ZNT-RSTN-SADG,1S-MH-MU-ZNT-RSTN-SADG,1,,,1S-MH-MU-ZNT-RSTN-SADG
36235,40984-HTConsumer,1S-MH-MU-ZSC-CL10-3617,nan,1.1,,,nan
36238,39268-HTConsumer,1S-MH-MU-ZSC-CL01-3554,nan,2.1,,,nan
36240,43199-HTConsumer,1S-MH-MU-ZSC-CL01-2270,nan,6.1,,,nan
36241,36241-Stn Xmer,1S-MH-MU-ZSC-RSTN-SAHA,1S-MH-MU-ZSC-RSTN-SAHA,2,2025-02-07,605.9844559585492,1S-MH-MU-ZSC-RSTN-SAHA
36242,36242-CAP BANK,1S-MH-MU-ZSC-RSTN-SAHA,1S-MH-MU-ZSC-RSTN-SAHA,1,2025-02-07,605.9844559585492,1S-MH-MU-ZSC-RSTN-SAHA
36244,36244-CAP BANK,1S-MH-MU-ZSC-RSTN-SAHA,1S-MH-MU-ZSC-RSTN-SAHA,1,2025-02-07,605.9844559585492,1S-MH-MU-ZSC-RSTN-SAHA
36245,36245-Stn Xmer,1S-MH-MU-ZSC-RSTN-SAHA,1S-MH-MU-ZSC-RSTN-SAHA,1,2025-02-07,605.9844559585492,1S-MH-MU-ZSC-RSTN-SAHA
36247,31714-HTConsumer,1S-MH-MU-ZSC-CL01-3184,nan,4.1,,,nan
36248,2937-HTConsumer,1S-MH-MU-ZSC-CL01-2089,nan,4.3,,,nan
36249,32032-HTConsumer,1S-MH-MU-ZSC-CL01-3204,nan,2.1.1,,,nan
36249,38602-HTConsumer,1S-MH-MU-ZSC-CL01-3514,nan,1.1,,,nan
3101,3101-CAP BANK,1S-MH-MU-ZET-RSTN-SAKI,1S-MH-MU-ZET-RSTN-SAKI,1,2025-02-07,83.69747440273038,1S-MH-MU-ZET-RSTN-SAKI
3109,6952-HTConsumer,1S-MH-MU-ZSC-CL04-2385,nan,2.2,,,nan
3110,10336-HTConsumer,1S-MH-MU-ZSC-CL10-2897,nan,1.1,,,nan
3113,3113-Stn Xmer,1S-MH-MU-ZET-RSTN-SAKI,1S-MH-MU-ZET-RSTN-SAKI,1,2025-02-07,83.69747440273038,1S-MH-MU-ZET-RSTN-SAKI
3114,3114-OH_05,1S-MH-MU-ZET-RSTN-SAKI,nan,1,,,nan
3116,41938-DT,1S-MH-MU-ZET-CL13-8554,nan,1.3,,,nan
3119,30712-HTConsumer,1S-MH-MU-ZSC-CL04-3147,nan,1.1,,,nan
3119,32109-HTConsumer,1S-MH-MU-ZSC-CL04-3147,nan,1.2,,,nan
3121,32075-HTConsumer,1S-MH-MU-ZET-CL13-8501,nan,1.1,,,nan
3122,3122-CAP BANK,1S-MH-MU-ZET-RSTN-SAKI,1S-MH-MU-ZET-RSTN-SAKI,1,2025-02-07,83.69747440273038,1S-MH-MU-ZET-RSTN-SAKI
3127,3127-CAP BANK,1S-MH-MU-ZET-RSTN-SAKI,1S-MH-MU-ZET-RSTN-SAKI,1,2025-02-07,83.69747440273038,1S-MH-MU-ZET-RSTN-SAKI
3131,39565-HTConsumer,1S-MH-MU-ZSC-CL10-3580,nan,3.1,,,nan
3134,30191-HTConsumer,1S-MH-MU-ZET-CL13-8550,nan,1.1,,,nan
3136,3136-Stn Xmer,1S-MH-MU-ZET-RSTN-SAKI,1S-MH-MU-ZET-RSTN-SAKI,1,2025-02-07,83.69747440273038,1S-MH-MU-ZET-RSTN-SAKI
3138,7756-HTConsumer,1S-MH-MU-ZSC-CL10-2272,nan,1.1,,,nan
34139,34139-Stn Xmer,1S-MH-MU-ZST-RSTN-SAMB,1S-MH-MU-ZST-RSTN-SAMB,1,2025-02-07,768.8655948553055,1S-MH-MU-ZST-RSTN-SAMB
34140,34140-CAP BANK,1S-MH-MU-ZST-RSTN-SAMB,1S-MH-MU-ZST-RSTN-SAMB,1,2025-02-07,768.8655948553055,1S-MH-MU-ZST-RSTN-SAMB
34143,2242-HTConsumer,1S-MH-MU-ZST-CL08-0151,nan,5.1,,,nan
34148,34148-Stn Xmer,1S-MH-MU-ZST-RSTN-SAMB,1S-MH-MU-ZST-RSTN-SAMB,1,2025-02-07,768.8655948553055,1S-MH-MU-ZST-RSTN-SAMB
34149,34149-CAP BANK,1S-MH-MU-ZST-RSTN-SAMB,1S-MH-MU-ZST-RSTN-SAMB,1,2025-02-07,768.8655948553055,1S-MH-MU-ZST-RSTN-SAMB
40736,11168-HTConsumer,1S-MH-MU-ZSC-CL02-2354,nan,9,,,nan
30461,30461-CAP BANK,1S-MH-MU-ZST-RSTN-SANT,1S-MH-MU-ZST-RSTN-SANT,1,2025-04-04,490.24357541899445,1S-MH-MU-ZST-RSTN-SANT
30462,10501-nan,1S-MH-MU-ZST-CL07-0038,nan,1.1,,,nan
30464,5945-HTConsumer,1S-MH-MU-ZST-CL08-0566,nan,3.3,,,nan
30465,19514-HTConsumer,1S-MH-MU-ZST-CL07-0615,nan,7.1,,,nan
30465,19514-HTConsumer,1S-MH-MU-ZST-CL07-0615,nan,5.2.1,,,nan
30467,36771-HTConsumer,1S-MH-MU-ZST-CL06-1139,nan,2,,,nan
30468,30468-DT,1S-MH-MU-ZST-RSTN-SANT,1S-MH-MU-ZST-RSTN-SANT,2,2025-04-04,490.24357541899445,1S-MH-MU-ZST-RSTN-SANT
30470,30470-CAP BANK,1S-MH-MU-ZST-RSTN-SANT,1S-MH-MU-ZST-RSTN-SANT,1,2025-04-04,490.24357541899445,1S-MH-MU-ZST-RSTN-SANT
30474,36775-HTConsumer,1S-MH-MU-ZST-CL06-1139,nan,2,,,nan
30479,30479-CAP BANK,1S-MH-MU-ZST-RSTN-SANT,1S-MH-MU-ZST-RSTN-SANT,1,2025-04-04,490.24357541899445,1S-MH-MU-ZST-RSTN-SANT
30481,6167-nan,1S-MH-MU-ZST-CL06-0464,nan,4,,,nan
30481,HTConsumer-12174,nan,1S-MH-MU-ZST-CL02-0577,5,,,1S-MH-MU-ZST-CL02-0577
30483,18841-nan,1S-MH-MU-ZST-CL03-0471,nan,3.1,,,nan
7148,18309-HTConsumer,1S-MH-MU-ZSC-CL01-2234,nan,2.1,,,nan
7149,18682-HTConsumer,1S-MH-MU-ZSC-CL01-2657,nan,2.1,,,nan
7151,19371-HTConsumer,1S-MH-MU-ZSC-CL01-2671,nan,3,,,nan
7152,5200-HTConsumer,1S-MH-MU-ZSC-CL01-2670,nan,1.1,,,nan
7152,5202-HTConsumer,1S-MH-MU-ZSC-CL01-2670,nan,1.2,,,nan
7153,7153-CAP BANK,1S-MH-MU-ZSC-RSTN-SEEP,1S-MH-MU-ZSC-RSTN-SEEP,1,2012-05-30,145.4938775510204,1S-MH-MU-ZSC-RSTN-SEEP
9089,11852-HTConsumer,1S-MH-MU-ZSC-CL01-2133,nan,3.1,,,nan
9089,11852-HTConsumer,1S-MH-MU-ZSC-CL01-2133,nan,1.1.1,,,nan
9090,9090-CAP BANK,1S-MH-MU-ZSC-RSTN-SEEP,1S-MH-MU-ZSC-RSTN-SEEP,1,2012-05-30,145.4938775510204,1S-MH-MU-ZSC-RSTN-SEEP
9092,7798-HTConsumer,1S-MH-MU-ZSC-CL01-2231,nan,1.2,,,nan
11473,11457-HTConsumer,1S-MH-MU-ZSC-CL01-2291,nan,2.1,,,nan
12526,18154-HTConsumer,1S-MH-MU-ZSC-CL01-2232,nan,1.1,,,nan
13093,9283-HTConsumer,1S-MH-MU-ZSC-CL01-2313,nan,1.1,,,nan
13137,9558-HTConsumer,1S-MH-MU-ZSC-CL01-2787,nan,4,,,nan
16080,35154-HTConsumer,1S-MH-MU-ZSC-CL01-2674,nan,1.1,,,nan
25155,29259-HTConsumer,1S-MH-MU-ZSC-CL01-3078,nan,1.1,,,nan
25156,10575-HTConsumer,1S-MH-MU-ZSC-CL01-2715,nan,1.2,,,nan
25157,30311-HTConsumer,1S-MH-MU-ZSC-CL01-3130,nan,2,,,nan
25158,41872-HTConsumer,1S-MH-MU-ZSC-CL01-2671,nan,1.2,,,nan
25159,25159-CAP BANK,1S-MH-MU-ZSC-RSTN-SEEP,1S-MH-MU-ZSC-RSTN-SEEP,1,2012-05-30,145.4938775510204,1S-MH-MU-ZSC-RSTN-SEEP
35033,35033-Stn Xmer,1S-MH-MU-ZNT-RSTN-SHAN,1S-MH-MU-ZNT-RSTN-SHAN,1,,,1S-MH-MU-ZNT-RSTN-SHAN
35034,35034-CAP BANK,1S-MH-MU-ZNT-RSTN-SHAN,1S-MH-MU-ZNT-RSTN-SHAN,1,,,1S-MH-MU-ZNT-RSTN-SHAN
35042,35042-Stn Xmer,1S-MH-MU-ZNT-RSTN-SHAN,1S-MH-MU-ZNT-RSTN-SHAN,1,,,1S-MH-MU-ZNT-RSTN-SHAN
35043,35043-CAP BANK,1S-MH-MU-ZNT-RSTN-SHAN,1S-MH-MU-ZNT-RSTN-SHAN,1,,,1S-MH-MU-ZNT-RSTN-SHAN
34664,34664-Stn Xmer,1S-MH-MU-ZNT-RSTN-SHIM,1S-MH-MU-ZNT-RSTN-SHIM,1,,,1S-MH-MU-ZNT-RSTN-SHIM
34668,35265-HTConsumer,1S-MH-MU-ZNT-CL07-7443,nan,2.1,,,nan
34670,34670-CAP BANK,1S-MH-MU-ZNT-RSTN-SHIM,1S-MH-MU-ZNT-RSTN-SHIM,1,,,1S-MH-MU-ZNT-RSTN-SHIM
34675,35333-HTConsumer,1S-MH-MU-ZNT-CL01-6089,nan,5.1,,,nan
34675,2943-HTConsumer,1S-MH-MU-ZNT-CL01-6089,nan,5.2,,,nan
34676,34676-Stn Xmer,1S-MH-MU-ZNT-RSTN-SHIM,1S-MH-MU-ZNT-RSTN-SHIM,1,,,1S-MH-MU-ZNT-RSTN-SHIM
34679,34679-CAP BANK,1S-MH-MU-ZNT-RSTN-SHIM,1S-MH-MU-ZNT-RSTN-SHIM,1,,,1S-MH-MU-ZNT-RSTN-SHIM
41510,30561-HTConsumer,1S-MH-MU-ZST-CL03-0786,nan,1.1,,,nan
25887,30821-HTConsumer,1S-MH-MU-ZET-CL08-9203,nan,3.1,,,nan
25891,19700-HTConsumer,1S-MH-MU-ZET-CL08-8982,nan,2.2,,,nan
25892,43086-DT,1S-MH-MU-ZET-CL12-9874,nan,1.1,,,nan
25893,25893-CAP BANK,1S-MH-MU-ZET-CL12-9874,1S-MH-MU-ZET-RSTN-SHIV,1,2023-12-11,53.96044198895028,1S-MH-MU-ZET-RSTN-SHIV
26763,26763-CAP BANK,1S-MH-MU-ZET-CL12-9874,1S-MH-MU-ZET-RSTN-SHIV,1,2023-12-11,53.96044198895028,1S-MH-MU-ZET-RSTN-SHIV
26766,31386-HTConsumer,1S-MH-MU-ZET-CL12-9232,nan,1.1,,,nan
26773,26773-CAP BANK,1S-MH-MU-ZET-CL12-9874,1S-MH-MU-ZET-RSTN-SHIV,1,2023-12-11,53.96044198895028,1S-MH-MU-ZET-RSTN-SHIV
25020,25020-CAP BANK,1S-MH-MU-ZET-RSTN-SIDH,1S-MH-MU-ZET-RSTN-SIDH,1,2025-02-07,425.74843749999997,1S-MH-MU-ZET-RSTN-SIDH
25023,41420-DT,1S-MH-MU-ZET-CL10-9773,nan,9,,,nan
25024,25024-Stn Xmer,1S-MH-MU-ZET-RSTN-SIDH,1S-MH-MU-ZET-RSTN-SIDH,1,2025-02-07,425.74843749999997,1S-MH-MU-ZET-RSTN-SIDH
28266,28266-CAP BANK,1S-MH-MU-ZST-RSTN-SARA,1S-MH-MU-ZST-RSTN-SARA,1,2012-03-29,448.9238095238095,1S-MH-MU-ZST-RSTN-SARA
28267,42262-HTConsumer,1S-MH-MU-ZST-CL03-1363,nan,2.2.1,,,nan
28276,28642-nan,1S-MH-MU-ZST-CL03-0716,nan,6.1,,,nan
28277,28277-CAP BANK,1S-MH-MU-ZST-RSTN-SARA,1S-MH-MU-ZST-RSTN-SARA,1,2012-03-29,448.9238095238095,1S-MH-MU-ZST-RSTN-SARA
35800,17665-HTConsumer,1S-MH-MU-ZST-CL03-0261,nan,3.2.1,,,nan
35802,37543-HTConsumer,1S-MH-MU-ZST-CL03-1204,nan,6.1,,,nan
34546,31792-HTConsumer,1S-MH-MU-ZST-CL07-0823,nan,6,,,nan
34549,29689-HTConsumer,1S-MH-MU-ZET-CL02-9148,nan,1.1,,,nan
34553,34553-CAP BANK,1S-MH-MU-ZET-RSTN-SWAN,1S-MH-MU-ZET-RSTN-SWAN,1,2024-09-03,48.188456375838925,1S-MH-MU-ZET-RSTN-SWAN
34555,37410-HTConsumer,1S-MH-MU-ZET-CL02-9636,nan,2,,,nan
34556,42854-HTConsumer,1S-MH-MU-ZET-CL02-8010,nan,2,,,nan
34558,35142-HTConsumer,1S-MH-MU-ZST-CL05-0971,nan,1.1,,,nan
34561,34561-Stn Xmer,1S-MH-MU-ZET-RSTN-SWAN,1S-MH-MU-ZET-RSTN-SWAN,1,2024-09-03,48.188456375838925,1S-MH-MU-ZET-RSTN-SWAN
34562,34562-CAP BANK,1S-MH-MU-ZET-RSTN-SWAN,1S-MH-MU-ZET-RSTN-SWAN,1,2024-09-03,48.188456375838925,1S-MH-MU-ZET-RSTN-SWAN
38738,15419-HTConsumer,1S-MH-MU-ZSC-CL05-2640,nan,2.1,,,nan
38740,12059-Z,1S-MH-MU-ZSC-CL09-2537,1S-MH-MU-ZSC-CL09-2613,3.3,2025-04-04,229.6565445026178,1S-MH-MU-ZSC-CL09-2613
38740,43007-HTConsumer,1S-MH-MU-ZSC-CL09-3651,nan,1.1,,,nan
38744,34350-HTConsumer,1S-MH-MU-ZSC-CL05-3261,nan,7.1,,,nan
38754,42253-HTConsumer,1S-MH-MU-ZSC-CL08-3631,nan,7.1,,,nan
10559,10559-Stn Xmer,1S-MH-MU-ZET-RSTN-TAGO,1S-MH-MU-ZET-RSTN-TAGO,1,2025-02-07,137.3616494845361,1S-MH-MU-ZET-RSTN-TAGO
10560,42346-HTConsumer,1S-MH-MU-ZET-CL07-9801,nan,5.1,,,nan
10560,42349-HTConsumer,1S-MH-MU-ZET-CL07-9801,nan,5.2,,,nan
10564,10564-CAP BANK,1S-MH-MU-ZET-RSTN-TAGO,1S-MH-MU-ZET-RSTN-TAGO,1,2025-02-07,137.3616494845361,1S-MH-MU-ZET-RSTN-TAGO
10572,10572-CAP BANK,1S-MH-MU-ZET-RSTN-TAGO,1S-MH-MU-ZET-RSTN-TAGO,1,2025-02-07,137.3616494845361,1S-MH-MU-ZET-RSTN-TAGO
26420,26420-CAP BANK,1S-MH-MU-ZET-RSTN-TAGO,1S-MH-MU-ZET-RSTN-TAGO,1,2025-02-07,137.3616494845361,1S-MH-MU-ZET-RSTN-TAGO
10563,41477-DT,1S-MH-MU-ZET-CL07-9746,nan,5.1,,,nan
10563,41364-DT,1S-MH-MU-ZET-CL07-9725,nan,4.1,,,nan
26416,12432-DT,1S-MH-MU-ZET-CL05-8830,DT,3.1,,,DT
26416,5185-HTConsumer,1S-MH-MU-ZET-CL05-8073,nan,1.1,,,nan
30876,14468-HTConsumer,1S-MH-MU-ZCT-CL10-4753,nan,2.1,,,nan
30876,14470-HTConsumer,1S-MH-MU-ZCT-CL10-4753,nan,2.2,,,nan
30876,34820-HTConsumer,1S-MH-MU-ZCT-CL10-4752,nan,1.1,,,nan
30877,42747-HTConsumer,1S-MH-MU-ZCT-CL10-5756,nan,1.1,,,nan
30879,18933-HTConsumer,1S-MH-MU-ZCT-CL10-4097,nan,4.2,,,nan
30881,2924-HTConsumer,1S-MH-MU-ZCT-CL10-4538,nan,6.1,,,nan
30882,14547-HTConsumer,1S-MH-MU-ZCT-CL10-4212,nan,2.1,,,nan
30883,30883-CAP BANK,1S-MH-MU-ZCT-RSTN-TIME,1S-MH-MU-ZCT-RSTN-TIME,1,2012-09-21,27.988108108108108,1S-MH-MU-ZCT-RSTN-TIME
30885,34824-HTConsumer,1S-MH-MU-ZCT-CL10-4752,nan,2,,,nan
30886,26394-HTConsumer,1S-MH-MU-ZCT-CL08-4967,nan,2,,,nan
30886,26397-HTConsumer,1S-MH-MU-ZCT-CL08-4967,nan,1.1,,,nan
30888,42411-DT,1S-MH-MU-ZCT-CL09-5739,nan,3.1,,,nan
30892,30892-CAP BANK,1S-MH-MU-ZCT-RSTN-TIME,1S-MH-MU-ZCT-RSTN-TIME,1,2012-09-21,27.988108108108108,1S-MH-MU-ZCT-RSTN-TIME
19822,16194-HTConsumer,1S-MH-MU-ZET-CL09-8295,nan,1.1,,,nan
19823,40789-HTConsumer,1S-MH-MU-ZET-CL06-9761,nan,3.1,,,nan
19826,19826-CAP BANK,1S-MH-MU-ZET-RSTN-TILA,1S-MH-MU-ZET-RSTN-TILA,1,2025-02-07,491.34923857868023,1S-MH-MU-ZET-RSTN-TILA
31981,31981-CAP BANK,1S-MH-MU-ZET-RSTN-TILA,1S-MH-MU-ZET-RSTN-TILA,1,2025-02-07,491.34923857868023,1S-MH-MU-ZET-RSTN-TILA
34371,35996-HTConsumer,1S-MH-MU-ZET-CL09-9522,nan,1.1,,,nan
34372,34372-Stn Xmer,1S-MH-MU-ZET-RSTN-TILA,1S-MH-MU-ZET-RSTN-TILA,1,2025-02-07,491.34923857868023,1S-MH-MU-ZET-RSTN-TILA
34373,34373-CAP BANK,1S-MH-MU-ZET-RSTN-TILA,1S-MH-MU-ZET-RSTN-TILA,1,2025-02-07,491.34923857868023,1S-MH-MU-ZET-RSTN-TILA
34375,30017-HTConsumer,1S-MH-MU-ZET-CL06-9259,nan,2.2.1,,,nan
34377,12002-HTConsumer,1S-MH-MU-ZET-CL09-8485,nan,4.1,,,nan
34378,39778-HTConsumer,1S-MH-MU-ZET-CL09-8295,nan,1.2,,,nan
34382,34382-CAP BANK,1S-MH-MU-ZET-RSTN-TILA,1S-MH-MU-ZET-RSTN-TILA,1,2025-02-07,491.34923857868023,1S-MH-MU-ZET-RSTN-TILA
41743,16225-HTConsumer,1S-MH-MU-ZNT-CL07-6692,nan,2.2,,,nan
41747,41747-Stn Xmer,1S-MH-MU-ZNT-RSTN-VAZI,1S-MH-MU-ZNT-RSTN-VAZI,1,2024-12-03,39.208,1S-MH-MU-ZNT-RSTN-VAZI
41748,41748-CAP BANK,1S-MH-MU-ZNT-RSTN-VAZI,1S-MH-MU-ZNT-RSTN-VAZI,1,2024-12-03,39.208,1S-MH-MU-ZNT-RSTN-VAZI
41757,41757-CAP BANK,1S-MH-MU-ZNT-RSTN-VAZI,1S-MH-MU-ZNT-RSTN-VAZI,1,2024-12-03,39.208,1S-MH-MU-ZNT-RSTN-VAZI
29277,39843-HTConsumer,1S-MH-MU-ZET-CL14-9740,nan,2,,,nan
29273,41548-HTConsumer,1S-MH-MU-ZET-CL14-9741,nan,3,,,nan
29279,39847-HTConsumer,1S-MH-MU-ZET-CL14-9740,nan,2,,,nan
29281,39871-HTConsumer,1S-MH-MU-ZET-CL14-9741,nan,2,,,nan
29284,39851-HTConsumer,1S-MH-MU-ZET-CL14-9740,nan,2,,,nan
29288,39879-HTConsumer,1S-MH-MU-ZET-CL14-9741,nan,2,,,nan
29289,40856-HTConsumer,1S-MH-MU-ZET-CL14-9741,nan,2,,,nan
29289,40856-HTConsumer,1S-MH-MU-ZET-CL14-9741,nan,3,,,nan
6570,1342-HTConsumer,1S-MH-MU-ZET-CL06-9551,nan,7,,,nan
7817,7817-CAP BANK,1S-MH-MU-ZET-RSTN-VIKH,1S-MH-MU-ZET-RSTN-VIKH,1,2025-02-07,600.1726368159203,1S-MH-MU-ZET-RSTN-VIKH
9320,28811-HTConsumer,1S-MH-MU-ZET-CL04-9106,nan,2.1,,,nan
15359,15359-CAP BANK,1S-MH-MU-ZET-RSTN-VIKH,1S-MH-MU-ZET-RSTN-VIKH,1,2025-02-07,600.1726368159203,1S-MH-MU-ZET-RSTN-VIKH
15361,10451-HTConsumer,1S-MH-MU-ZET-CL04-8704,nan,1.1,,,nan
30656,30656-Stn Xmer,1S-MH-MU-ZET-RSTN-VIKH,1S-MH-MU-ZET-RSTN-VIKH,1,2025-02-07,600.1726368159203,1S-MH-MU-ZET-RSTN-VIKH
30659,40550-HTConsumer,1S-MH-MU-ZET-CL04-9755,nan,3.3,,,nan
30660,30660-CAP BANK,1S-MH-MU-ZET-RSTN-VIKH,1S-MH-MU-ZET-RSTN-VIKH,1,2025-02-07,600.1726368159203,1S-MH-MU-ZET-RSTN-VIKH
30951,5538-HTConsumer,1S-MH-MU-ZET-CL04-8301,nan,3.2,,,nan
30958,30958-CAP BANK,1S-MH-MU-ZET-RSTN-VIKH,1S-MH-MU-ZET-RSTN-VIKH,1,2025-02-07,600.1726368159203,1S-MH-MU-ZET-RSTN-VIKH
40264,40264-CAP BANK,1S-MH-MU-ZNT-RSTN-VINA,1S-MH-MU-ZNT-RSTN-VINA,1,2025-04-04,8.307692307692308,1S-MH-MU-ZNT-RSTN-VINA
40265,35252-HTConsumer,1S-MH-MU-ZNT-CL11-7492,nan,3.3,,,nan
40269,40269-Stn Xmer,1S-MH-MU-ZNT-RSTN-VINA,1S-MH-MU-ZNT-RSTN-VINA,1,2025-04-04,8.307692307692308,1S-MH-MU-ZNT-RSTN-VINA
40277,42871-HTConsumer,1S-MH-MU-ZNT-CL10-8164,nan,2.3,,,nan
40280,40280-CAP BANK,1S-MH-MU-ZNT-RSTN-VINA,1S-MH-MU-ZNT-RSTN-VINA,1,2025-04-04,8.307692307692308,1S-MH-MU-ZNT-RSTN-VINA
11419,11419-HTConsumer,1S-MH-MU-ZST-RSTN-VILE,nan,1,,,nan
11420,11420-HTConsumer,1S-MH-MU-ZST-RSTN-VILE,nan,1,,,nan
11425,883-HTConsumer,1S-MH-MU-ZST-CL08-0407,nan,7.2,,,nan
11426,11426-CAP BANK,1S-MH-MU-ZST-RSTN-VILE,1S-MH-MU-ZST-RSTN-VILE,1,2011-08-17,36.81951219512195,1S-MH-MU-ZST-RSTN-VILE
11428,11428-HTConsumer,1S-MH-MU-ZST-RSTN-VILE,nan,1,,,nan
11429,11429-HTConsumer,1S-MH-MU-ZST-RSTN-VILE,nan,1,,,nan
11431,11431-HTConsumer,1S-MH-MU-ZST-RSTN-VILE,nan,1,,,nan
11433,14716-HTConsumer,1S-MH-MU-ZST-CL08-0420,nan,1.1,,,nan
11435,11435-CAP BANK,1S-MH-MU-ZST-RSTN-VILE,1S-MH-MU-ZST-RSTN-VILE,1,2011-08-17,36.81951219512195,1S-MH-MU-ZST-RSTN-VILE
31092,31092-HTConsumer,1S-MH-MU-ZST-RSTN-VILE,nan,1,,,nan
31094,17646-HTConsumer,1S-MH-MU-ZST-CL08-0406,nan,4.1,,,nan
31095,34426-HTConsumer,1S-MH-MU-ZST-CL08-0935,nan,1.2,,,nan
31096,31096-CAP BANK,1S-MH-MU-ZST-RSTN-VILE,1S-MH-MU-ZST-RSTN-VILE,1,2011-08-17,36.81951219512195,1S-MH-MU-ZST-RSTN-VILE
19087,15328-HTConsumer,1S-MH-MU-ZSC-CL06-2821,nan,8,,,nan
19091,19091-CAP BANK,1S-MH-MU-ZSC-RSTN-VERS,1S-MH-MU-ZSC-RSTN-VERS,1,2025-03-06,67.5140932642487,1S-MH-MU-ZSC-RSTN-VERS
32562,32562-220VER101,1T-MH-MU-VSV,1T-MH-MU-VSV,1,,,1T-MH-MU-VSV
32562,220VER101-33020,1T-MH-MU-VSV,1S-MH-MU-ZCT-RSTN-CHNB,2,,,1S-MH-MU-ZCT-RSTN-CHNB
32563,32563-CAP BANK,1S-MH-MU-ZSC-RSTN-VERS,1S-MH-MU-ZSC-RSTN-VERS,1,2025-03-06,67.5140932642487,1S-MH-MU-ZSC-RSTN-VERS
40863,40863-Stn Xmer,1S-MH-MU-ZSC-RSTN-VERS,1S-MH-MU-ZSC-RSTN-VERS,1,2025-03-06,67.5140932642487,1S-MH-MU-ZSC-RSTN-VERS
40868,40868-CAP BANK,1S-MH-MU-ZSC-RSTN-VERS,1S-MH-MU-ZSC-RSTN-VERS,1,2025-03-06,67.5140932642487,1S-MH-MU-ZSC-RSTN-VERS
40870,19217-HTConsumer,1S-MH-MU-ZSC-CL05-2868,nan,6.1,,,nan
40873,40873-Stn Xmer,1S-MH-MU-ZSC-RSTN-VERS,1S-MH-MU-ZSC-RSTN-VERS,1,2025-03-06,67.5140932642487,1S-MH-MU-ZSC-RSTN-VERS
40876,12418-DT,1S-MH-MU-ZSC-CL06-2753,DT,8.1,,,DT
40878,40878-CAP BANK,1S-MH-MU-ZSC-RSTN-VERS,1S-MH-MU-ZSC-RSTN-VERS,1,2025-03-06,67.5140932642487,1S-MH-MU-ZSC-RSTN-VERS
